@id,addr:city,name,addr:street,@lat,@lon
309894643,Скопје,Пелистер,Плоштад Македонија,41.9953933,21.4315704
367656617,,,,41.9922233,21.4190018
367656619,,,,41.9922405,21.4188135
367656621,,,,41.9925227,21.4188602
367656623,,,,41.9924840,21.4192836
367656625,,,,41.9923419,21.4192600
367659041,,,,41.9962727,21.4019401
367659045,,,,41.9959400,21.4024979
367659051,,,,41.9958060,21.4023532
367659056,,,,41.9961386,21.4017954
373804534,,,,42.0139138,21.4060452
373804537,,,,42.0136349,21.4057663
382645252,,Brioni,,41.4347276,22.0215553
382645390,,,,41.4344573,22.0204395
386705447,,Ramazzoti,,41.4412063,22.0115107
386705584,,Exclusive,,41.4410295,22.0096102
393755446,,Фук Так,,41.1844141,22.7220346
411006922,,Интермецо,,41.9947432,21.4140669
411634092,,Скар,,41.3681010,21.2485747
411634094,,Бенетон,,41.3681312,21.2486257
414619170,,Cardak,,41.5065603,21.2151321
414619172,,Lisec,,41.5075223,21.2177087
418875414,,,,42.0015138,21.4205376
419115353,,Пешна,,41.5410660,21.2442677
419829216,,Kico,,41.4412564,22.0111128
419829221,,Riben restorant,,41.4407867,22.0135418
419829868,,Aleksandrija,,41.4331716,22.0116142
423804306,,Kaj Mame,,41.5081589,21.2160292
427013440,,Spandja,,41.4411582,22.0121336
429175192,,Журнал,,41.9768256,21.4438183
440613924,,,,42.0139252,21.4057899
442545329,,Пролет,,41.9153534,22.4125757
444360934,,Градче,,41.9596507,22.4062744
444695321,,,,41.9562370,22.4079546
444695322,,,,41.9639856,22.4072357
444695367,,Ribnik Blatec,,41.8339517,22.6230389
444695368,,,,41.8335250,22.6240690
444930912,,,,41.9989335,21.4229703
445422613,,Hunter’s Lodge “Kamnik”,,42.0072516,21.4871217
451075695,,,,41.0174568,21.3404926
451077137,,,,41.0175971,21.3404563
451077147,,,,41.0176303,21.3406886
451077152,,,,41.0172995,21.3407778
456869743,,,,41.0304097,21.3348839
456869745,,,,41.0303967,21.3350470
456869747,,,,41.0302996,21.3350298
456869750,,,,41.0303126,21.3348667
459667519,,,,42.0062388,21.4220261
459668143,,Под Кале,,42.0047876,21.4307036
459668914,,Кај Џино,,41.9943261,21.4342799
459669063,Cкoпje,Плаза де Торос,Кеј 13 Ноември,41.9952456,21.4350117
461655652,,Luna 2,,41.4392415,22.6502444
470920215,,,,42.0006983,21.4580945
477689620,,Rubiko,,41.4895975,22.0953457
477689674,,Kaj Zika,,41.5237914,21.9522494
478041022,,Makedonska Kuka,,41.4337258,22.0136796
481098096,,Енрико,,42.0031464,21.3995191
497549476,,Мило,,41.6980200,22.8645000
497549481,,Ристово Меанче 2,,41.7039600,22.8598500
497549483,,Мрс,,41.7045671,22.8571233
499932154,,Дивине,,41.7301724,22.9354984
521505926,,Moneta,,41.4389417,22.0187521
528996470,,Сен Тропе,,40.9615847,20.7819982
555008847,,Нота,,41.1807110,22.7242971
555023959,,Т'ГА ЗА ЈУГ,15 Корпус,41.1769374,20.6762151
572366400,,Bonaca,,41.1778398,20.6767950
577538782,,Prince,,42.0198926,21.4349372
600905655,,Две капки,Хелсинки,42.0028498,21.3926682
696669231,,иВ,,41.9869006,21.4368796
796178301,,,,42.0020559,21.4222816
837180282,,Арена,,41.0364578,21.3533345
908273433,,Туpиcт,,42.0003099,21.4367576
911173351,,Tropic,,41.3970220,22.0333387
911176033,,Moskva,,41.4347168,22.0046380
1012247331,,LUMA,,42.1656891,21.1874306
1021423924,,Maestro Cafe,,42.0080851,20.9731075
1088079193,,,,41.8823767,22.3331186
1092272132,,,,42.0064872,21.3510028
1132688809,,River Side Garden,,41.9953819,21.3274583
1138894760,,,,42.0017068,21.4221365
1359271233,,,,41.9952947,21.4240658
1359271237,,,,41.9953699,21.4234118
1359271955,,,,41.9952188,21.4234452
1360096464,,,,41.9962603,21.4221676
1360096515,,,,41.9973872,21.4225373
1360096525,,,,41.9962498,21.4220069
1360096558,,,,41.9973257,21.4227885
1360096563,,,,41.9961549,21.4221801
1360096565,,,,41.9972628,21.4225327
1360100782,,,,41.9951717,21.4221287
1360100799,,,,41.9953541,21.4182558
1360100817,,,,41.9950583,21.4222794
1360100850,,,,41.9954035,21.4184154
1360100879,,,,41.9956069,21.4183242
1360100880,,,,41.9951854,21.4222544
1371588464,,,,41.9990057,21.4228854
1371588471,,,,41.9989973,21.4230666
1371588475,,,,41.9990612,21.4229605
1371716593,,Топаз,Рузвелтова,41.9979155,21.4122694
1372568001,,Веки,Варшавска,42.0008550,21.3989291
1373103651,,,,42.0010112,21.4203368
1373110836,,,,42.0014764,21.4215330
1373110858,,,,42.0012623,21.4208159
1375310196,,,,41.9770083,21.3740621
1375310198,,,,41.9770590,21.3746672
1375310205,,,,41.9768067,21.3739354
1375310211,,,,41.9772529,21.3743389
1375310218,,,,41.9771612,21.3743853
1375310228,,,,41.9769896,21.3741008
1375310240,,,,41.9767452,21.3740949
1375310250,,,,41.9768381,21.3741699
1375310256,,,,41.9771433,21.3742398
1375310266,,,,41.9769760,21.3742083
1375310278,,,,41.9772513,21.3745485
1375310286,,,,41.9768581,21.3741295
1375310291,,,,41.9771648,21.3744551
1375310294,,,,41.9771503,21.3747443
1375310301,,,,41.9771645,21.3741890
1377184494,,Велково Меанче,,42.0013936,21.4960141
1378087148,,,,41.9974288,21.4226694
1378130151,,Чешма,,41.9841333,21.4390455
1378130158,,,,41.9832440,21.4391421
1378228324,,Ресторан Трпеза,,41.9710708,21.4455687
1378228333,,Ресторан Кум,,41.9787578,21.4385091
1380378665,,Рустикана,Римска,41.9997295,21.4078483
1380378702,,Боеми,,41.9985008,21.4159820
1475328750,,Restoran Tomi,,42.0464013,21.3462963
1475384945,,,,42.0455608,21.3469347
1475388232,,Meraklii,,42.0299906,21.3508185
1475404511,,,,42.0069568,21.3651275
1506640739,,Ѕидан Мост,,41.5910530,21.4700306
1507082600,,,,41.0331866,21.2191049
1507250217,,,,40.8595203,21.1183781
1535266560,,Ресторан Рагуза 919,,41.9782792,21.4820381
1577162234,,,,42.0020850,21.4223277
1577167286,,,,41.9961443,21.4220195
1577483516,,Старо Буре,,42.0035286,21.3975417
1577485951,,62,,42.0065185,21.3741187
1596475596,,Винска Куќа,,41.4334495,22.0228438
1634933708,,Снупи,,41.7170862,21.7753509
1660208191,,Аражок,,41.0364490,21.3528594
1660208193,,Балукс,,41.0364490,21.3539109
1674866746,,Јавор Џоко,,41.1651121,22.5045562
1676857177,,Рибен ресторан Рибар (Одисеја),,41.9843967,21.4871492
1682245572,,,,40.9077301,21.1628707
1704390096,,,,41.5126282,20.9622235
1704390097,,,,41.5098564,20.9578247
1710571027,,Снупи,,41.7176653,21.7777592
1710571117,,Официрски,,41.7176332,21.7775232
1712601384,,Сина Сала,,41.7153245,21.7842383
1712601392,,Розе Сала,,41.7154688,21.7842139
1712662193,,,,41.7787279,21.7565098
1712662204,,,,41.7787943,21.7563854
1712662216,,,,41.7786604,21.7560638
1712662219,,,,41.7789037,21.7566786
1712662223,,,,41.7790924,21.7563250
1712662225,,,,41.7791420,21.7561264
1712662250,,,,41.7786115,21.7562100
1712662296,,,,41.7788015,21.7557995
1734513473,,,,42.0066455,21.3337137
1734513478,,,,42.0073873,21.3362989
1734530400,,,,42.0067805,21.3651314
1747370831,,,,41.9955650,21.4181553
1747649203,,Крчма,,41.9946274,21.4151525
1748017584,Скопје,Marana,,41.9904847,21.4204907
1751563134,Cкoпje,Pastel Wine & Dine,Булевар Климент Охридски,41.9947645,21.4245254
1752178268,,511,,41.9922398,21.4163482
1752186795,,Акорд,,41.9972291,21.4086601
1768193993,,Баба Цана,,42.1365224,21.7204006
1770866402,,Пицерија Либертас,T.C Bunjakovec prv kat lok 36,41.9987097,21.4207447
1776012307,,Корнер,,42.1235585,21.7318423
1790311348,,Ресторан СОНЦЕ - Restaurant SONCE,,41.3811426,22.8195840
1790358588,,,,41.3818009,22.8155652
1790358591,,,,41.3790614,22.7984820
1791514947,,,,41.4130818,22.8810812
1791514950,,,,41.4128968,22.8820790
1791514952,,,,41.4126312,22.8808076
1791534874,,,,41.3827929,22.7547196
1791588304,,,,41.4072696,22.6256610
1791598024,,Хотел Иштатов,,41.2271802,22.6991213
1791598062,,,,41.1725775,22.7425087
1792035853,,,,42.1216572,21.7444698
1792035868,,,,42.1217723,21.7446071
1792035906,,,,42.1215238,21.7446925
1792035933,,,,42.1216334,21.7448065
1794219941,,Рим-Париз,,42.1317263,21.7181577
1810967608,,,,42.0013370,21.4286975
1848409293,,Ексклузив,,41.9775109,21.4456487
1850422186,,,,42.0523407,21.4506950
1850489869,,Ресторан „Александар“,,42.0578588,21.4514149
1850521527,,Дарвик,,42.0537503,21.4523161
1857486052,,Тица - Елени,,42.0019716,21.4647397
1860123667,,,,42.0019424,21.4650824
1860283367,,,,42.0031930,21.4623023
1860283392,,,,42.0029360,21.4621726
1860283431,,,,42.0029718,21.4623737
1860283536,,,,42.0031572,21.4621012
1860365659,,,,41.9896604,21.4393206
1860472968,,,,41.9978800,21.4597742
1860472978,,,,41.9980535,21.4599694
1860472988,,,,41.9978164,21.4600260
1860472995,,,,41.9978765,21.4600231
1860473010,,,,41.9978096,21.4597777
1860473042,,,,41.9978812,21.4598183
1860473057,,,,41.9980491,21.4598100
1860473087,,,,41.9978753,21.4599782
1866027761,,,,41.9890215,21.4297853
1866944537,,,,41.9990664,21.4253032
1866944539,,,,41.9990018,21.4252373
1866944546,,,,41.9990275,21.4253723
1866944550,,,,41.9991273,21.4254909
1866944551,,,,41.9991252,21.4253886
1866944556,,,,41.9990674,21.4256593
1866944557,,,,41.9991496,21.4255137
1866944563,,,,41.9991631,21.4254274
1866944574,,,,41.9990953,21.4254416
1867057578,,,,41.9997532,21.4241357
1867057890,,,,41.9995543,21.4239225
1867057892,,,,41.9998245,21.4240152
1867058167,,,,41.9996257,21.4238020
1867110657,,,,42.0059212,21.4105391
1867110660,,,,42.0061249,21.4105926
1867110668,,,,42.0060038,21.4107525
1867110691,,,,42.0059816,21.4109047
1867110696,,,,42.0060759,21.4109299
1867151643,,,,41.9969391,21.4382846
1867151645,,,,41.9966936,21.4383675
1867151650,,,,41.9967344,21.4385862
1867151651,,,,41.9969799,21.4385033
1867176020,,Тренд,,41.9957062,21.4304595
1868667675,,,,42.0095593,21.4097266
1868667678,,,,42.0096934,21.4098531
1868667681,,,,42.0095594,21.4096730
1868667682,,,,42.0095590,21.4098716
1868667683,,,,42.0095210,21.4098714
1868667684,,,,42.0097012,21.4096275
1868667685,,,,42.0098097,21.4098536
1868667686,,,,42.0095208,21.4099925
1868667687,,,,42.0098101,21.4096635
1868667688,,,,42.0096931,21.4099932
1868667689,,,,42.0096800,21.4094559
1868667690,,,,42.0095599,21.4094555
1868701938,,,,42.0060292,21.4219936
1868701976,,,,42.0061770,21.4221396
1868702009,,,,42.0060910,21.4218801
1868812117,Cкoпje,Дестан,Владимир Полежановски,41.9987513,21.4204158
1868812169,,Ана Кристи,,42.0034064,21.3995909
1868933572,,Фотка,,42.0017742,21.3992299
1869864074,,,,41.9956682,21.4273166
1869864172,,,,41.9956796,21.4271741
1869864310,,,,41.9957475,21.4273280
1874196851,,Осоговски Бисер,,42.0371055,22.3532041
1875106369,,,,42.0081185,21.4137189
1875106638,,,,42.0083552,21.4142343
1875106649,,,,42.0079860,21.4140051
1875106820,,,,42.0081629,21.4137534
1896338800,,,,40.9140837,20.7426380
1896338960,,,,40.9141195,20.7425834
1896339058,,,,40.9142136,20.7426907
1911713227,,,,41.4106825,22.2263765
1911952177,,Момина Чука,,41.1775397,22.1994416
1911952203,,Марково Бачило,,41.1690988,22.2108324
1917766011,,,,41.3912883,22.3519428
1917766049,,,,41.3911787,22.3515395
1917766053,,,,41.3911253,22.3519000
1917766070,,,,41.3913417,22.3515824
1919413204,,Restoran Shampion,,41.6337176,22.4698529
1920228869,,Park,,42.1826707,22.1639057
1920229092,,Гого Монд,,42.1712493,22.0980414
1927095420,,Piaza Liberta,,41.7376171,22.1937687
1928095824,,,,42.0009111,21.4201615
1939949406,,,,42.0859737,21.4109961
1939949653,,,,42.0861081,21.4104912
1939949730,,,,42.0860424,21.4106449
1939949801,,,,42.0866715,21.4114364
1939950064,,,,42.0863483,21.4107184
1939950098,,,,42.0865555,21.4110853
1939950114,,,,42.0867721,21.4101319
1939950144,,,,42.0863161,21.4116345
1939950146,,,,42.0858961,21.4114183
1939950192,,,,42.0858861,21.4115219
1939982553,,,,42.0852093,21.4102344
1939982555,,,,42.0849446,21.4095891
1939982577,,,,42.0848709,21.4096121
1939982578,,,,42.0850620,21.4096121
1939982579,,,,42.0848052,21.4100611
1939982580,,,,42.0853527,21.4097570
1939991248,,,,42.0866127,21.4098534
1969643792,,Извор,,41.6150472,21.2205193
1979520479,,,,42.1537087,21.7302411
1979520481,,,,42.1534781,21.7300250
1979520483,,,,42.1536456,21.7304901
1979520496,,,,42.1535278,21.7304499
1979520498,,,,42.1535442,21.7301486
1979520500,,,,42.1533608,21.7301390
1979520502,,,,42.1536836,21.7302655
1979520504,,,,42.1535637,21.7301297
1979520505,,,,42.1537747,21.7303646
1979520506,,,,42.1535994,21.7301964
1979520507,,,,42.1536305,21.7301662
1979520508,,,,42.1535915,21.7303889
1985948203,,Balila,,41.9922245,21.4165220
1999321631,,,,42.0010770,21.4380534
1999633538,,Бифиња - Рамстор,,41.9913688,21.4280088
1999950854,,Urban Grill,,41.4084933,22.2452001
1999950860,,Kaj Kole,,41.4098411,22.2432474
1999950870,,Lovec,,41.4092999,22.2439153
1999950889,,Queen Maria,,41.4141902,22.2329754
2005843099,,,,41.9964930,21.4281815
2005843109,,,,41.9965143,21.4280676
2005843113,,,,41.9963311,21.4281268
2005843205,,,,41.9963567,21.4279895
2069011849,,,,41.0171823,21.3405569
2069011857,,,,41.0172916,21.3407041
2069011859,,,,41.0171803,21.3407336
2069011861,,,,41.0174402,21.3403532
2069011871,,,,41.0171617,21.3404260
2069011875,,,,41.0171534,21.3405679
2085950016,,,,41.3705911,21.6779629
2085950017,,,,41.3703598,21.6779707
2085950018,,,,41.3706537,21.6777897
2085950024,,,,41.3704963,21.6778127
2085950026,,,,41.3706912,21.6778471
2085950030,,,,41.3704203,21.6780635
2085950031,,,,41.3705554,21.6779035
2105387352,Скопје,Бруклински,Орце Николов,42.0001581,21.4252581
2159535851,Cкoпje,Бела виста,Кеј 13 Ноември,41.9953199,21.4347685
2199704739,,,,41.2284096,21.1572248
2199704772,,,,41.2285186,21.1570288
2199704808,,,,41.2284138,21.1570249
2199704828,,,,41.2285145,21.1572286
2199815370,,,,41.2177220,21.2045728
2199815386,,,,41.2177177,21.2043877
2199815416,,,,41.2178407,21.2043827
2199815431,,,,41.2178450,21.2045678
2248576375,,Стража,,41.6714632,20.8544996
2289085809,,,,40.9142608,20.7426186
2289085814,,,,40.9141776,20.7427457
2289085817,,,,40.9141670,20.7425110
2292169983,,,,41.3429042,21.5510685
2292169984,,,,41.3429740,21.5509472
2292169985,,,,41.3430392,21.5510137
2292169986,,,,41.3429694,21.5511350
2292300089,,,,41.3473214,21.5569628
2292300090,,,,41.3473358,21.5571272
2292300091,,,,41.3472611,21.5571810
2292300092,,,,41.3473542,21.5571108
2292300093,,,,41.3472874,21.5572338
2292300094,,,,41.3471538,21.5571115
2292300095,,,,41.3471356,21.5573456
2292300096,,,,41.3471161,21.5571706
2292300097,,,,41.3473578,21.5571713
2292300098,,,,41.3470690,21.5572124
2292300099,,,,41.3473713,21.5570628
2292300100,,,,41.3473428,21.5570881
2292300101,,,,41.3470800,21.5570983
2292300102,,,,41.3472229,21.5572149
2292300103,,,,41.3471266,21.5570570
2292300104,,,,41.3472413,21.5572518
2292327787,,,,41.3432199,21.5511651
2292327788,,,,41.3431623,21.5511135
2292327789,,,,41.3432205,21.5512096
2292327790,,,,41.3432046,21.5511954
2292327791,,,,41.3430908,21.5512551
2292327792,,,,41.3431643,21.5513209
2292333295,,Каспер,,41.3459768,21.5546262
2292437665,,Пинк Пантер,,41.3453989,21.5543097
2292486455,,Парадизо,,41.3460137,21.5543797
2294320125,,Два Елена,,41.9931670,21.4080594
2316032925,,Македонска куќа,,41.0764180,20.8016318
2316119134,,Капри,,41.9176668,22.4104224
2316156248,,Pizza Metro,,41.0295644,21.3356564
2316156279,,Пицерија Лео,,41.0256207,21.3368286
2320912360,,Aquarium,,41.9172558,22.4104385
2320912421,,Balkanlux,,41.9180760,22.4102588
2320923929,,Bakery Kamel,,41.9187207,22.4101783
2322886873,,Арабеска,,41.9952825,21.4302915
2323346377,,,,42.0016166,21.4259955
2323355486,,,,41.9957589,21.4271856
2324290153,,Ореов Лад,,42.0033910,21.3323916
2324482598,,,,41.1404895,22.5037713
2329337940,,,,41.3678206,21.2492481
2330754144,,,,41.3681562,21.2482098
2330754146,,,,41.3683013,21.2482026
2330754173,,,,41.3682417,21.2481110
2330754175,,,,41.3682158,21.2483014
2333163643,,Кањон Матка,,41.9502955,21.2993843
2334423406,,Манастирска пештера,,41.9610975,21.2961533
2334423428,,,,41.9972500,21.4226709
2335358701,,,,41.9954458,21.4240324
2349862721,,,,42.1441306,21.1002960
2357239839,,Gallery,,41.5118075,20.9594822
2360748743,,ТДЦ-3,,41.1460470,22.5011779
2367915955,,,,42.0017209,20.9701804
2367915956,,,,42.0018464,20.9705157
2367915957,,,,42.0016471,20.9706578
2367915958,,,,42.0015155,20.9703280
2372341455,,,,41.5048339,20.9557177
2372341456,,,,41.5048342,20.9557966
2372341458,,,,41.5048706,20.9555358
2372341459,,,,41.5048714,20.9557174
2372341460,,,,41.5048914,20.9557502
2372341461,,,,41.5048916,20.9557961
2372341462,,,,41.5049947,20.9555349
2372341463,,,,41.5049956,20.9557494
2377937978,,Restoran Gros,,41.1084477,20.8123651
2377938382,,Ресторан Билјанини Извори,,41.1028959,20.8148703
2377968960,,,,41.1127562,20.8086261
2377968987,,,,41.1120004,20.8091572
2377969305,,,,41.1126257,20.7987652
2377969373,,,,41.1041510,20.8079475
2387561655,,Atva,,41.5115542,20.9508952
2387562736,,,,41.5167836,20.9516383
2387562738,,,,41.5168756,20.9518913
2387562740,,,,41.5169357,20.9514683
2387562741,,,,41.5169567,20.9515260
2387562742,,,,41.5170627,20.9517699
2387562743,,,,41.5170836,20.9518273
2387562744,,,,41.5171223,20.9513472
2387562745,,,,41.5171395,20.9513944
2387562746,,,,41.5172297,20.9516511
2387562747,,,,41.5172537,20.9517170
2387562748,,,,41.5173052,20.9512869
2387562749,,,,41.5173979,20.9515419
2394840292,,,,42.0860382,21.4115617
2406002719,Струмица,Вкус,Гоце Делчев,41.4378354,22.6452777
2411306190,,Јавор Агапи,,41.1622759,22.4963093
2411329687,,Фиш,,42.0131608,21.4117168
2411332043,,,,42.0022033,21.4220480
2445621590,,,,41.9892968,21.4465442
2445621591,,,,41.9891817,21.4467640
2445621592,,,,41.9891306,21.4467156
2445621593,,,,41.9892457,21.4464958
2465901189,,Loven Dom,Neretva,41.4352537,22.6328921
2477123089,,Етно Село,,42.1574944,21.8625680
2477129912,,Fratelis,,42.1324603,21.8645555
2493896230,,,,41.5211368,20.9185323
2493896232,,,,41.5212076,20.9184957
2493938901,,,,41.5212655,20.9184893
2493938902,,,,41.5212397,20.9182981
2493938904,,,,41.5211706,20.9181455
2493938905,,,,41.5210805,20.9181735
2493938906,,,,41.5210805,20.9181992
2493938907,,,,41.5210435,20.9182100
2535205987,,Buki,,41.4327641,22.0130335
2552845143,,,,42.0016032,21.4261793
2552845156,,,,42.0015845,21.4259656
2552845225,,,,42.0015902,21.4260470
2552845237,,,,42.0015730,21.4259879
2552845262,,,,42.0015163,21.4260987
2557554508,,Идила,,41.7297622,22.9422359
2572961888,,,,41.9879865,20.9607044
2572961892,,,,41.9879848,20.9609402
2572961896,,,,41.9882850,20.9609496
2572961900,,,,41.9882868,20.9607091
2572961903,,,,41.9883301,20.9607534
2572961907,,,,41.9883440,20.9608235
2572961911,,,,41.9883093,20.9608258
2572961915,,,,41.9883006,20.9609029
2572961919,,,,41.9883388,20.9609099
2572961921,,,,41.9883111,20.9609659
2572961925,,,,41.9882833,20.9609963
2572961929,,,,41.9882399,20.9610126
2572961933,,,,41.9882659,20.9611084
2572961937,,,,41.9883024,20.9610943
2572961940,,,,41.9883232,20.9610757
2572961944,,,,41.9883527,20.9610406
2572961948,,,,41.9884273,20.9611480
2572961952,,,,41.9884846,20.9610617
2572961955,,,,41.9885176,20.9609729
2572961959,,,,41.9885332,20.9608865
2572961962,,,,41.9885349,20.9607955
2572961965,,,,41.9885280,20.9607254
2572961968,,,,41.9885141,20.9606670
2572961971,,,,41.9884846,20.9606904
2572961974,,,,41.9884933,20.9607184
2572961976,,,,41.9884551,20.9607394
2572961979,,,,41.9884482,20.9607184
2572961982,,,,41.9884256,20.9607324
2572961985,,,,41.9884169,20.9607091
2573197808,,,,41.9879335,20.9607117
2573197809,,,,41.9878854,20.9608626
2574272022,Крива Паланка,Борче,Konopnica,42.1902652,22.3059103
2574272026,Kriva Palanka,Облаче,,42.1922890,22.3089155
2578029326,Крива Паланка,македонија,Marshal Tito,42.2123127,22.3466279
2580192144,,Градина,,41.9650429,21.4727082
2695392361,,,,41.9942124,21.5751330
2695392362,,,,41.9942124,21.5753138
2695392363,,,,41.9944029,21.5751330
2695392364,,,,41.9944029,21.5753138
2717099200,,,,42.0023035,21.4222231
2717099203,,,,42.0024104,21.4220295
2755558965,,,,41.1123901,20.7945938
2755558966,,,,41.1124093,20.7944141
2755558967,,,,41.1125185,20.7944744
2755558968,,,,41.1124992,20.7945925
2755558969,,,,41.1124153,20.7946152
2755558970,,,,41.1123810,20.7946126
2755564576,,,,41.1125553,20.7943256
2755564577,,,,41.1126619,20.7943249
2755564578,,,,41.1126599,20.7942324
2755564579,,,,41.1126579,20.7941774
2755564580,,,,41.1125936,20.7941628
2755564581,,,,41.1125862,20.7942283
2755566255,,,,41.1124065,20.7939881
2755566256,,,,41.1124141,20.7939658
2755566257,,,,41.1125785,20.7939599
2755566258,,,,41.1125548,20.7941437
2759066732,,Белведере,,41.1123103,20.8011769
2818872887,Cкoпje,Сокаче,Драган Ѓаконовски Шпато,42.0051241,21.4145137
2835853871,Тетово,Emka,Илинденска,41.9861550,20.9586380
2836006284,,,,41.9931566,21.4373419
2836006285,,,,41.9931313,21.4374766
2836006286,,,,41.9930786,21.4374587
2836006287,,,,41.9931039,21.4373240
2836787194,,,,42.0062579,20.9426914
2883877896,,Every Day,,41.9914536,21.4522729
2891531722,,Шизик,,42.0244107,22.5889401
2891533000,,Osmica,,42.0179585,22.5876630
2891537201,,"Kaj Govedoto" Restaurant,,42.0170338,22.5914449
2893230086,,,,41.0416246,21.4578943
2905985671,,Shizik Restaurant,,42.0178835,22.5886582
2905985814,,"Koko" Restaurant,,42.0195336,22.5899229
2984088703,,Prestol,,41.0678423,20.8016787
2992064333,,Granit,,41.0666434,20.8009009
3005348015,,,,41.1163875,20.8006074
3005348016,,Meydan,,41.1163410,20.8002909
3020876346,,Старо Буре,,42.0597023,21.3236858
3026939349,,,,41.6107279,20.5993210
3026939356,,,,41.7030313,20.7583652
3045830014,,,,41.4825202,22.0907494
3045830015,,,,41.4823970,22.0908863
3045830016,,,,41.4824377,22.0909515
3045830017,,,,41.4825609,22.0908146
3062640565,,,,41.0314361,21.2643690
3064268471,,,,41.0412990,21.2704508
3064268475,,,,41.0412015,21.2703363
3064268476,,,,41.0412007,21.2703491
3064268477,,,,41.0408241,21.2703068
3064268479,,,,41.0407680,21.2703895
3064268480,,,,41.0407660,21.2704346
3064268481,,,,41.0407659,21.2704766
3064268482,,,,41.0407680,21.2705277
3064268483,,,,41.0407900,21.2705647
3064268484,,,,41.0408125,21.2706009
3064268485,,,,41.0409218,21.2706128
3064268486,,,,41.0409233,21.2705885
3064268487,,,,41.0409973,21.2705966
3064268488,,,,41.0409959,21.2706204
3064268489,,,,41.0411911,21.2706416
3064268491,,,,41.0412448,21.2706212
3064268492,,,,41.0412691,21.2705847
3064268494,,,,41.0412985,21.2705379
3064268495,,,,41.0412996,21.2704969
3064268496,,,,41.0412563,21.2706042
3064268497,,,,41.0412486,21.2703419
3064268498,,,,41.0412779,21.2703711
3064268499,,,,41.0412979,21.2704197
3064268500,,,,41.0412995,21.2704748
3064268501,,,,41.0412992,21.2705165
3064268504,,,,41.0407768,21.2703680
3064268506,,,,41.0407666,21.2704995
3064268507,,,,41.0407669,21.2704105
3064268508,,,,41.0407657,21.2704547
3085981445,,Dva Bisera,,41.0459402,20.8031982
3100113750,Охрид,Фopтунa,Димитар Влахов,41.1140172,20.8026136
3101725383,,,,41.9945243,21.4413794
3101725384,,,,41.9945425,21.4415649
3101725385,,,,41.9943971,21.4415907
3101725386,,,,41.9943789,21.4414052
3101725389,,,,41.9944944,21.4415735
3101726040,Cкoпje,Пивница АН,Градиште,42.0000179,21.4366005
3103097500,,,,42.0000105,21.4144957
3103097501,,,,42.0001265,21.4145262
3103097502,,,,42.0001094,21.4146430
3103097503,,,,41.9999935,21.4146125
3103389973,,,,41.1111960,20.7901687
3103389974,,,,41.1111414,20.7904288
3103389976,,,,41.1110646,20.7902867
3103389977,,,,41.1110747,20.7902330
3103389978,,,,41.1110484,20.7902223
3103389979,,,,41.1110747,20.7900802
3103389980,,,,41.1111030,20.7900936
3103389981,,,,41.1111151,20.7900614
3103389982,,,,41.1111374,20.7900587
3103389984,,,,41.1109851,20.7903705
3103389985,,,,41.1110040,20.7902679
3109618758,,,,41.1429058,22.5004906
3162746561,Radovis,Target,Ана Поцкова,41.6397590,22.4601880
3162749461,Radovis,Jocker pizza,Кеј 8ми Септември,41.6409570,22.4604120
3162751061,Radovis,Getsbi pizza,Кеј 8ми Септември,41.6401840,22.4613780
3162755761,Radovis,Vrteska,Самуилова,41.6346560,22.4657240
3162763261,,Gone,,41.6341400,22.4640190
3162772765,,Sopka,,41.6334960,22.4644900
3162773865,,,,41.6355770,22.4637300
3162778861,,Karagjoz,,41.6365660,22.4629430
3162791061,,Magmar,,41.6295960,22.4463100
3162794862,,Beverli hils,,41.6390650,22.4613270
3162794863,,Shona,,41.6391330,22.4621860
3162794961,,Santa Maria pizza,,41.6338950,22.4567890
3162795861,,Makedonsko Sonce,,41.6376110,22.4632720
3162796461,,Lastik,,41.6392500,22.4621990
3187744343,,,,41.6395100,22.4637300
3187744351,,Lipa,,41.6377820,22.4655280
3187745933,,Maslac,,41.6387670,22.4630600
3187758521,,,,41.6382830,22.4604030
3341289789,Скопје,Damaskino,Македонија,41.9925716,21.4297981
3392594091,,,,41.3547852,21.5397570
3392594092,,,,41.3547704,21.5399970
3392608493,,,,41.3546325,21.5399819
3392608494,,,,41.3546474,21.5397419
3392608495,,,,41.3547745,21.5399593
3392608498,,,,41.3547821,21.5398168
3395009515,,,,41.9891793,21.4294420
3409080757,,,,41.3464930,21.5520270
3409080758,,,,41.3464626,21.5519656
3409080759,,,,41.3465101,21.5519239
3409080760,,,,41.3465405,21.5519853
3415004757,,,,42.0618189,21.4510186
3427393078,,,,42.0023474,21.4219665
3428427693,,Pizzeria Americano,,41.1154200,20.8000470
3428428993,,,,41.1159660,20.8000880
3442555727,,,,41.3383484,21.5394836
3442555730,,,,41.3383917,21.5390045
3442555731,,,,41.3383453,21.5389971
3442555732,,,,41.3383396,21.5390594
3442555733,,,,41.3382692,21.5390481
3442555734,,,,41.3382369,21.5394053
3442555735,,,,41.3382682,21.5394103
3442555736,,,,41.3382628,21.5394699
3442557930,,,,41.3393797,21.5403946
3442557931,,,,41.3393721,21.5405443
3442557932,,,,41.3393023,21.5405381
3442557933,,,,41.3393035,21.5405134
3442557934,,,,41.3392836,21.5405116
3442557935,,,,41.3392850,21.5404833
3442557936,,,,41.3392741,21.5404823
3442557937,,,,41.3392790,21.5403856
3456908281,,,,41.3433702,21.5484244
3456908282,,,,41.3432315,21.5485432
3456908283,,,,41.3433305,21.5487484
3456908289,,,,41.3433582,21.5488053
3456908290,,,,41.3433871,21.5487804
3456908291,,,,41.3434180,21.5488439
3456908292,,,,41.3435452,21.5487341
3456913293,,,,41.3435190,21.5486802
3456913294,,,,41.3435358,21.5486657
3456913295,,,,41.3434041,21.5483951
3484100381,,,,41.9890610,21.4298100
3484100382,,,,41.9892188,21.4294738
3484100384,Скопје,Dal Fufo - Galija,,41.9917018,21.4231542
3505013893,Скопје,Destan,11 Октомври,41.9947506,21.4319604
3505013993,Скопје,Ла Тераца,11 Октомври,41.9950911,21.4317257
3506695093,,Brooklyn Lounge Bar,,42.0045421,21.3910004
3508365499,,,,42.0016466,21.3925065
3508366000,,,,42.0016649,21.3923474
3508369998,,,,42.0017442,21.3925268
3508369999,,,,42.0017517,21.3923655
3536179577,,Носталгија,Митрополит Теодосиј Гологанов,41.9953743,21.4099065
3599403566,,Кај Маршалот,Прашка,41.9979148,21.4020366
3625141990,,,,41.3434065,21.5490434
3625141991,,,,41.3434821,21.5489802
3625141992,,,,41.3435380,21.5490990
3625162293,,,,41.3434624,21.5491622
3629361316,,,,41.3426901,21.5481295
3629361319,,,,41.3427427,21.5482574
3629361324,,,,41.3427968,21.5482178
3629361325,,,,41.3427442,21.5480900
3629442283,,,,41.9948201,21.4130224
3629442362,,,,41.9949469,21.4130994
3629442712,,,,41.9947965,21.4132047
3629444919,,,,41.9947353,21.4131921
3629444920,,,,41.9948630,21.4130821
3629444921,,,,41.9949730,21.4129034
3629445632,,,,41.9947865,21.4132925
3629445633,,,,41.9949218,21.4133203
3629445634,,,,41.9949344,21.4128985
3629445635,,,,41.9949344,21.4129332
3629466115,,,,41.9947505,21.4130590
3629466116,,,,41.9948330,21.4129133
3635130196,,,,42.0017862,21.3919375
3635130308,,,,42.0019029,21.3919615
3635145298,,,,42.0019216,21.3917968
3635145507,,,,42.0018049,21.3917728
3647039848,,Exclusive,,42.1208566,21.7336280
3647048030,,Тераца,,42.1214792,21.7448727
3647185694,,,,42.0136234,21.4060216
3648714485,Cкoпje,Барбакан,Булевар 8-ми Септември,42.0062651,21.4063144
3663796405,,,,41.9867688,21.4197218
3663796406,,,,41.9867469,21.4198171
3663796407,,,,41.9867362,21.4198126
3663796408,,,,41.9867050,21.4199486
3663796409,,,,41.9868070,21.4198479
3663796410,,,,41.9868605,21.4197599
3664638120,,Пилав Тепе,,41.6245987,22.3171977
3671888433,,Конак,,42.0113442,20.8820185
3678871629,,,,42.0010594,21.4199260
3678871841,,,,42.0011296,21.4198035
3678872133,,,,42.0009567,21.4198196
3678872134,,,,42.0010269,21.4196970
3687134929,,,,41.9639944,21.3016226
3687134930,,,,41.9640669,21.3015287
3687134931,,,,41.9640833,21.3017467
3687134932,,,,41.9641558,21.3016527
3695356159,Делчево,Ресторан Либеро,Н. Ј. Вапцаров,41.9670002,22.7759750
3696549082,,Антика,,41.9665628,22.7727421
3696549083,Делчево,Кај Бубето,Н. Ј. Вапцаров,41.9671309,22.7743723
3696549088,Делчево,Пицерија Палма,Маршал Тито,41.9655104,22.7714652
3696549089,Делчево,Панорама,Н. Ј. Вапцаров,41.9667157,22.7756155
3696549091,,Пицерија Iceberg,,41.9663111,22.7729809
3696549092,,Вигор,,41.9664629,22.7732345
3696549093,,,,41.9660622,22.7707576
3696549094,,,,41.9659524,22.7705827
3696549095,,,,41.9658716,22.7706745
3696549096,,,,41.9658117,22.7705791
3696549114,,,,41.9657541,22.7706446
3699318356,,Ресторан Трла,,41.9641901,22.7726580
3699318369,,Gostilnica Zvon-Trejd,,41.9634140,22.7736839
3699924339,,,,42.0439132,21.3906635
3699924340,,,,42.0439692,21.3904625
3699924341,,,,42.0440312,21.3907231
3699924342,,,,42.0440872,21.3905221
3699968873,,,,41.9661614,22.7708581
3699968874,,,,41.9660019,22.7710392
3704278069,,,,41.9660833,22.7707337
3705063148,,,,41.9642846,22.7729377
3705063149,,,,41.9643648,22.7730600
3705063150,,,,41.9642752,22.7731663
3705063151,,,,41.9641949,22.7730440
3707090923,,Еснаф кај даре,,41.9972260,21.4170693
3725959075,,,,40.9154158,20.7458417
3751301960,,Ресторан Бела,,41.9191256,21.4591155
3779543187,,,,42.0013285,21.4194137
3784770415,,ЈаворШпед,,41.5162501,22.6153456
3786106943,,Рибник,,41.6337365,22.2451062
3822688281,,Кај Чоме,,41.5068787,21.2166228
3826400404,,Ривиера,,41.1119481,20.8015550
3826400416,,Ла Бела,,41.1104511,20.8039749
3826400434,,Royal View,,41.1095360,20.8052329
3830455732,,Pizza Amica,,41.9824716,21.4725098
3832333045,,,,42.0032584,21.4257373
3832333047,,,,42.0036092,21.4261086
3832333557,,,,42.0037336,21.4258875
3832333559,,,,42.0033765,21.4255207
3832475129,,,,41.9900801,21.4403034
3832475130,,,,41.9900041,21.4404259
3832475131,,,,41.9896205,21.4392000
3832475135,,Лезет,,41.9922973,21.4427246
3832475141,,,,41.9897115,21.4395182
3832475144,,,,41.9899031,21.4403123
3832475145,,,,41.9899792,21.4401899
3832475147,,Кај Злате,,41.9922032,21.4422139
3832555934,,Меана Дедо Илија,,41.5453150,21.2494143
3861007620,,,,41.9964577,21.4280237
3861007622,,,,41.9964534,21.4280470
3903403860,,,,42.0096796,21.4096274
3903403861,,,,42.0097011,21.4096631
3909066219,,бед бунар,,42.0084895,21.4010837
3920512640,,,,40.9444559,20.9012553
3920512641,,,,40.9444748,20.9013711
3920512643,,,,40.9445741,20.9012215
3920512644,,,,40.9445930,20.9013373
3920570902,,,,41.9897585,21.4260203
3920570909,,,,41.9898791,21.4257641
3920570913,,,,41.9899133,21.4261521
3920570915,,,,41.9900338,21.4258958
3921774262,,casa leone,,42.0138371,20.8866832
3922197802,,,,42.0109642,20.9191431
3922197814,,,,42.0110751,20.9192493
3922197817,,,,42.0110860,20.9189126
3922197842,,,,42.0111969,20.9190188
3922197898,,,,42.0129999,20.8865356
3922197901,,,,42.0130561,20.8865976
3922197904,,,,42.0130663,20.8864266
3922197906,,,,42.0131225,20.8864887
3930412852,,,,41.9823557,21.5874736
3930412855,,,,41.9824739,21.5877167
3930413357,,,,41.9826589,21.5872068
3930413359,,,,41.9827771,21.5874499
3930911802,Tetovo,Restaurant Sirena,Маршал Тито,42.0077518,20.9750309
3932033588,,Ribimiluss,,42.0818924,21.4037096
3932711772,,,,42.0486154,21.4285635
3932711773,,,,42.0486228,21.4285619
3932711774,,,,42.0486420,21.4287909
3932711775,,,,42.0488876,21.4285056
3932711776,,,,42.0489143,21.4287330
3951819586,,бимекс,,41.9748528,21.4093282
4004645106,Cкoпje,Пекинг Гарден,Максим Горки,41.9957324,21.4301301
4005704263,,,,41.9067775,21.4137280
4005704270,,,,41.9068962,21.4140743
4005704272,,,,41.9069512,21.4136204
4005704277,,,,41.9070699,21.4139667
4016557277,Skopje,Campione lounge Bar,Boulevard Jane Sandanski,41.9856123,21.4667276
4016557278,Skopje,DejaVu Lounge,Boulevard Jane Sandanski,41.9859376,21.4661426
4101107990,,Makedonska sofra,Јужен Булевар,41.9871974,21.4365756
4109201247,,,,42.0012215,21.4014503
4109201248,,,,42.0012367,21.4013393
4109201249,,,,42.0014689,21.4015116
4109201250,,,,42.0014841,21.4014006
4110147399,,Етно кујна Вила Елена,,42.1382444,21.4448873
4119303018,,,,41.9953822,21.4095561
4119303019,,,,41.9954019,21.4093937
4119303020,,,,41.9954739,21.4095762
4119303021,,,,41.9954936,21.4094138
4126731965,,Sky ресторанот,,41.9973163,21.4345770
4126731966,,,,41.9923634,21.4190250
4128439199,,,,42.0016449,21.4260978
4128462087,,,,42.1139116,21.4572501
4128462088,,,,42.1139693,21.4573681
4128463093,,,,42.1141166,21.4573600
4128463094,,,,42.1141186,21.4572796
4128463097,,,,42.1142359,21.4573574
4128463098,,,,42.1142359,21.4574056
4149490289,Скопје,Amigos Мексиканска Кантина,Македонија,41.9933026,21.4300742
4154573189,,Era,,41.9995695,20.9614188
4154574089,,Restaurant Boss,,41.9976539,20.9611250
4168097990,,,,42.0397337,21.3947237
4168097991,,,,42.0398134,21.3951206
4168097993,,,,42.0399529,21.3946164
4168097994,,,,42.0400206,21.3949114
4180615629,,,,40.8937310,21.1386500
4180687544,,,,41.0381850,21.2969679
4190335990,,Restaurant Oaza,,41.8453568,20.9734955
4194683692,,,,41.1473430,22.5224464
4195733217,Cкoпje,Соул кичен,Кеј 13 Ноември,41.9955972,21.4338587
4239053639,,Beta,,42.0229923,21.4307185
4247199848,,Classic Restaurant,,41.7375454,22.1911884
4252577296,,Via Ignatia,,41.2357204,20.5959852
4253086993,,Dr. Falafel,7 Ноември,41.1166205,20.8011081
4253210327,,Мулино Гарден,,41.9495659,21.4212497
4267161773,,Restaurant Emporium,,42.0041795,20.9894268
4267660935,,Fontana Grill,,42.0042478,20.9894680
4270352289,,Restoran Prado,Св. Кирил и Методиј,42.1320465,21.7206493
4275843195,,Лавче,,41.9969599,21.4160063
4283863605,,Ресторан Антико,,41.1124024,20.7972577
4292369647,,Kaj Dzek,,41.9371686,21.6186125
4302211290,,Бабе,,42.0030463,21.4002154
4304422595,,,,41.9950446,21.4221538
4315772629,,Vavilon,,41.0130595,21.3466800
4318054807,,Elita,,41.2315910,22.6366903
4318400296,,Златна вилушка,Булевар АСНОМ,41.9915744,21.4655483
4327921318,,Thong Thai,,42.0034137,21.3986642
4332062697,,,,41.3438278,21.5219984
4332062698,,,,41.3438293,21.5221194
4332062699,,,,41.3436703,21.5221229
4332062700,,,,41.3436693,21.5220420
4332062703,,,,41.3438710,21.5219972
4332062704,,,,41.3438727,21.5221774
4332062705,,,,41.3437549,21.5221794
4332062706,,,,41.3437559,21.5222825
4332062707,,,,41.3436657,21.5222855
4332062708,,,,41.3436652,21.5222598
4332062709,,,,41.3435071,21.5222654
4332062710,,,,41.3434735,21.5220896
4332062711,,,,41.3436361,21.5220868
4332062712,,,,41.3436357,21.5220436
4332062713,,,,41.3433912,21.5221389
4332062723,,,,41.3434559,21.5222662
4332090344,,,,41.3453731,21.5272824
4332090345,,,,41.3450616,21.5271462
4332090346,,,,41.3450959,21.5270074
4332090347,,,,41.3448453,21.5268978
4332090348,,,,41.3447631,21.5272313
4332090370,,,,41.3447457,21.5273018
4332090371,,,,41.3452065,21.5279581
4332090372,,,,41.3447023,21.5277375
4332090373,,,,41.3447648,21.5274841
4332090374,,,,41.3448699,21.5275300
4332090375,,,,41.3448375,21.5276614
4332090376,,,,41.3451386,21.5277931
4332090377,,,,41.3452318,21.5274149
4332090378,,,,41.3449280,21.5272820
4332090379,,,,41.3449693,21.5271142
4332090380,,,,41.3448889,21.5270790
4332090381,,,,41.3448254,21.5273366
4346542839,,Lounge Bar & Restaurant "Square 21",,41.9927317,21.4301208
4347356991,,Чардак,Страшо Пинџур,41.7058839,22.8581787
4355675606,,Ресторан Златник,,41.9788465,21.4826074
4356193798,,Кебапчилница Тасе,,41.7388546,22.1966748
4360781689,,Рома,,41.7382087,22.1922397
4363534190,,,,41.7376410,22.1903941
4375878893,,11,,42.0073877,20.9746292
4376827005,,Бане 2,,41.0035617,20.8049290
4380494182,,Стојче-Метропол,,41.3431784,21.5522570
4386329258,,,,42.0033477,21.4791938
4405634704,,Ресторан Мал Одмор,,41.7018616,20.7573957
4406532855,,Вила Веранда,,41.9953546,21.3679919
4407370494,,еквестријан,,41.9883207,21.4520843
4408677899,,Кај Тетка Вики,,41.7014251,20.7566660
4422047259,,Етно Куќа,,41.1085785,21.0067043
4425413439,,,,41.7373083,22.1941197
4425413440,,,,41.7373570,22.1942543
4425413441,,,,41.7373001,22.1942913
4425413442,,,,41.7372513,22.1941567
4426902645,,,,41.9894440,21.4391882
4426902647,,,,41.9895097,21.4390791
4426902650,,,,41.9895548,21.4393091
4426902651,,,,41.9895771,21.4393717
4426902653,,,,41.9896051,21.4392256
4426902656,,,,41.9896413,21.4392651
4426902658,,,,41.9896614,21.4394636
4426902659,,,,41.9896730,21.4392997
4426902661,,,,41.9897130,21.4393779
4426902662,,,,41.9897355,21.4393406
4426902663,,,,41.9897856,21.4393952
4429141992,,Brioni 2008,,41.1168867,20.7986796
4429142391,,Exclusive Art Cuisine,,41.1169309,20.7985841
4430465598,Tetovo,КУБИКС - Студио за Анимација,Ilindenska,42.0089630,20.9714660
4431829369,,,,42.0011510,21.4378340
4431829370,,,,42.0011503,21.4380982
4431829371,,,,42.0012244,21.4378789
4432762845,,,,41.7440172,22.1860918
4432762846,,,,41.7440132,22.1862983
4432762847,,,,41.7441033,22.1863104
4432762848,,,,41.7442984,22.1860448
4432762849,,,,41.7443044,22.1859308
4432762850,,,,41.7442474,22.1859496
4432762851,,,,41.7442294,22.1859992
4432762852,,,,41.7441343,22.1859925
4432825528,,,,41.7440948,22.1899569
4432825529,,,,41.7440703,22.1901054
4432825530,,,,41.7440153,22.1900890
4432825531,,,,41.7440203,22.1900589
4432825532,,,,41.7438477,22.1900076
4432825533,,,,41.7438673,22.1898893
4433089213,,,,41.7471001,22.1846023
4433120967,,,,41.7473937,22.1843791
4433120968,,,,41.7474633,22.1845435
4433120969,,,,41.7471697,22.1847667
4433121114,,,,41.7483052,22.1838175
4433121115,,,,41.7486149,22.1842794
4433121116,,,,41.7487229,22.1841493
4433121117,,,,41.7484133,22.1836874
4433121182,,,,41.7514161,22.1788884
4433121183,,,,41.7515428,22.1786157
4433121186,,,,41.7516389,22.1786479
4433121189,,,,41.7515684,22.1785606
4433121190,,,,41.7516484,22.1786274
4433121191,,,,41.7516844,22.1786858
4433121192,,,,41.7515416,22.1789931
4433944695,,,,41.7479293,22.1812375
4433944696,,,,41.7480039,22.1814456
4433944697,,,,41.7481158,22.1813735
4433944698,,,,41.7480412,22.1811654
4433960934,,,,41.7475667,22.1833112
4433960935,,,,41.7476833,22.1835353
4433960936,,,,41.7475851,22.1836270
4433960937,,,,41.7474685,22.1834029
4434038380,,,,41.9867770,21.4199785
4434038385,,,,41.9868374,21.4198605
4436518191,,Kaj Serdarot,,41.9996618,21.4362461
4436534289,,Destan,,41.9996701,21.4360810
4436534489,,Австриска палта,,41.9994953,21.4355402
4448736389,,Чамовски,,41.4433529,22.6433683
4449620795,,,,41.9907718,21.5906175
4449620796,,,,41.9908873,21.5905509
4449620797,,,,41.9908873,21.5909801
4449620798,,,,41.9910028,21.5909135
4457471314,,Royal Food Zlate,,41.9864102,21.5888229
4459578969,Cкoпje,Амика,Кеј 13 Ноември,41.9949989,21.4355402
4471884330,,Four,,42.0059792,21.4272930
4471884331,,,,41.9988748,21.4254625
4481662566,,Дион,,41.9957030,21.4335119
4489456010,Mavrovo and Rostushe,House of Miyaks Ethno Restaurant,,41.6226607,20.6071770
4491144570,Cкoпje,Ресторан Буре Срна,Никола Русински,42.0045887,21.3936186
4502450789,,Restoran Elita,101,41.9444009,20.9272881
4502463695,,Nes Komerc,,41.9765070,20.9398801
4502469595,,Niki,,41.9485098,20.9299290
4530818689,,Ресторан АтлантиС Смоларски Водопат,Smolare,41.3709709,22.9004200
4531682389,,Македонска куќа,Митрополит Теодосиј Гологанов,41.9959806,21.4021635
4532522589,,Drilon,rruga Liqenit,41.5101027,20.5226109
4552084306,,Кај Тоше на Ќоше,,42.0030521,21.4648097
4569078150,,,,42.2088495,22.3629004
4569078152,,,,42.2088773,22.3627932
4569078154,,,,42.2090478,22.3629942
4569078156,,,,42.2090756,22.3628869
4587348695,,Ресторан Цуцла,,42.0755301,21.0514706
4590983525,,,,42.1027023,22.0556574
4590983526,,,,42.1027049,22.0554977
4590983527,,,,42.1028067,22.0556605
4590983528,,,,42.1028093,22.0555008
4594264491,,Ресторан Трио,,42.0726560,21.0512358
4602841983,Kriva Palanka,Restaurant Osogovec,Marshal Tito,42.2027771,22.3355793
4614149399,,Бурими Тре,,41.7650460,20.8375411
4614149418,,Панорама,,41.7653321,20.8363637
4622063500,,,,42.0115576,21.4458789
4622063501,,,,42.0113783,21.4457689
4622063502,,,,42.0113444,21.4459218
4622063503,,,,42.0114978,21.4460023
4622063504,,,,42.0112168,21.4464811
4622063505,,,,42.0110514,21.4465937
4622063506,,,,42.0110654,21.4467037
4622063507,,,,42.0112617,21.4466648
4622063508,,,,42.0118222,21.4452486
4622063509,,,,42.0117495,21.4451159
4622063510,,,,42.0116478,21.4452473
4622063511,,,,42.0117246,21.4453801
4622063512,,,,42.0116633,21.4453807
4622063513,,,,42.0116822,21.4454893
4622063514,,,,42.0116144,21.4455229
4622063515,,,,42.0115885,21.4454129
4642412989,,Beach Bar Mystic,,40.9390733,20.9144193
4650542892,,Гостилница Софра,Париска Комуна,41.9932328,21.5078989
4650625589,,Пицерија Кремисимо,,41.9951884,21.5099084
4652622922,,,,42.0082512,21.4352835
4652622923,,,,42.0081715,21.4352728
4652622924,,,,42.0081596,21.4354498
4652622925,,,,42.0082552,21.4354498
4652709765,,,,42.0120289,21.4357864
4652709766,,,,42.0119412,21.4357971
4652709767,,,,42.0119292,21.4359634
4652709768,,,,42.0120448,21.4359634
4683222726,Delchevo,Рибник Воденица,Road Route A3,41.9752689,22.8186239
4687349433,,,,42.0013800,21.4288264
4687349434,,,,42.0014129,21.4288066
4687349435,,,,42.0013970,21.4287588
4687349436,,,,42.0014378,21.4287342
4687349437,,,,42.0014108,21.4286530
4690435191,,,,41.1511850,20.6512188
4698270478,,,,42.0033573,21.4790807
4698270479,,,,42.0033164,21.4791075
4698270480,,,,42.0033885,21.4791670
4704377563,,,,42.0022405,21.4221601
4704379089,,,,42.0019670,21.4221979
4704379090,,,,42.0020304,21.4220761
4704379091,,,,42.0021193,21.4221597
4706991213,,,,42.0008254,21.4202503
4706991214,,,,42.0009268,21.4204319
4706991218,,,,42.0015815,21.4205993
4706991219,,,,42.0016664,21.4204305
4706991220,,,,42.0015986,21.4203688
4706991221,,,,42.0011463,21.4209043
4706991222,,,,42.0012113,21.4210507
4706991223,,,,42.0013505,21.4210035
4706991227,,,,42.0013413,21.4214089
4706991228,,,,42.0013431,21.4215365
4706991229,,,,42.0014746,21.4214055
4706991248,,,,42.0015872,21.4221432
4706991249,,,,42.0015937,21.4223518
4706991250,,,,42.0017133,21.4223451
4706991253,,,,42.0021226,21.4219943
4706991254,,,,42.0020804,21.4221094
4706991255,,,,42.0021611,21.4221630
4706991262,,,,42.0022638,21.4222498
4706991263,,,,42.0021900,21.4224134
4706991264,,,,42.0021588,21.4221641
4706991280,,,,42.0012142,21.4196370
4706991281,,,,42.0011212,21.4195510
4706991282,,,,42.0012348,21.4193279
4708726930,,,,42.0006784,21.4579497
4708726931,,,,42.0007935,21.4580708
4708726932,,,,42.0007736,21.4579260
4718381271,Гевгелија,Restoran Sarisa,Маршал Тито,41.1373679,22.4988477
4720703993,,Dojrana Skopje,,41.9978436,21.4600445
4726508989,,,Gostivarska bb,41.9890195,20.9596540
4740730427,,,,41.8632698,21.9458601
4740748226,,Конак Јазбиње,,41.9953625,21.6126147
4741046037,,Vodenicata 3,,42.1903800,22.3598489
4746796221,,Ресторан Грамоз,Velko Vlahoviq bb Debar,41.5215391,20.5266276
4753448922,,Ultra,,41.9912803,20.9602367
4756328633,,,,42.0010331,21.4196462
4756328634,,,,42.0010945,21.4195262
4756328635,,,,42.0011528,21.4197571
4771141151,,Riben Restoran Bigor,,41.7704206,20.8459093
4804666922,,Vila Raskrsnica,,40.9075981,21.1624357
4838686622,,Bonimi,Булевар 8-ми Септември,42.0060914,21.4069546
4842050522,,Royal Lounge Bar,,42.2058280,22.3361370
4879772021,,Гладиатор,,41.1148473,20.7934666
4881325495,,,,42.0061606,21.4067453
4881325496,,,,42.0061724,21.4066696
4881325497,,,,42.0062212,21.4065627
4881325498,,,,42.0062381,21.4064336
4881325499,,,,42.0062941,21.4067829
4881325500,,,,42.0063059,21.4067071
4881325501,,,,42.0063228,21.4065868
4881325502,,,,42.0063398,21.4064577
4884870821,,,,40.9146267,20.7430881
4884870823,,Кај Каневче,,41.1109837,20.7905430
4884908023,,Свети Наум,,40.9141308,20.7410279
4892055995,,,,41.3449019,21.5568761
4892055996,,,,41.3448980,21.5567013
4892055997,,,,41.3449686,21.5566985
4892055998,,,,41.3449700,21.5567609
4892055999,,,,41.3449881,21.5567602
4892056000,,,,41.3449889,21.5567983
4892056001,,,,41.3450093,21.5567975
4892056002,,,,41.3450096,21.5568102
4892056003,,,,41.3450230,21.5568097
4892056004,,,,41.3450238,21.5568495
4892056005,,,,41.3449988,21.5568505
4892056006,,,,41.3449993,21.5568723
4912937822,,Ресторан Еснав,,42.0090570,20.9756816
4912996422,,Ресторан Тетовска Куќа,,42.0089945,20.9758291
4912996423,,Пица-Ресторан Пунто Верде,,42.0095705,20.9758432
4915240923,,Гарден Ресторант,,42.0069026,20.9805382
4935294926,,,,42.0123976,21.4451457
4945457423,,Proper,,40.9721129,21.0571809
4976334922,,Т'га за југ,,41.9913259,21.4640869
4978380421,,,,41.1763783,20.6719453
4982232721,,,,41.9988648,21.4238693
4986923021,,Порта,,41.1121780,20.7982792
4990142138,,Бизнис,Ресенска,42.0195979,21.4412533
4993144523,,Далга,,41.1118507,20.7969483
4994992928,,,,40.9615088,20.7820426
5000781021,,,,41.6615140,20.7334682
5005626154,,,,41.6513976,21.4526464
5005626155,,,,41.6514277,21.4525471
5005626161,,,,41.6517161,21.4528192
5005626162,,,,41.6517462,21.4527200
5019758021,,Парк,,42.0039853,21.4280925
5033108253,Cкoпje,Кантина,Радњанска,42.0005946,21.4191901
5064700321,Визбегово,Аликас,Ul Качанички пат,42.0353232,21.4044150
5072397092,,Пицерија Фамилија,,41.9914306,21.4633394
5074216083,,Er & Bi,,41.9908973,21.3161910
5075880321,,БИЧ ЕНД ЛОУНЏ ЏОВАНИ,Naum Ohridski,41.0902867,20.7991080
5075885521,,Salomon fud,,41.4409617,22.6388602
5101621121,,,Булевар Ѓорче Петров,42.0068376,21.3328887
5107879522,,,,41.1121065,20.7954009
5108011329,,,,41.1118748,20.7971539
5123724239,,Грин Вилиџ,,41.9150979,21.5712443
5131832941,Cкoпje,7 Скара Ресторан,Даме Груев,41.9948293,21.4276093
5154732322,,,,42.1994853,22.3298813
5160613722,Cкoпje,Мезе Бар,Булевар Кузман Јосифовски Питу,41.9899769,21.4492023
5184727125,,Ubac,Булевар Ѓорче Петров,42.0084679,21.3678533
5224224121,,Gostilnica Gurman,,41.9916485,21.4223088
5235173522,,,,41.1418660,22.5015157
5246219203,,Баба Цана,,41.9868025,21.4193986
5254291268,,,,42.0058944,21.4107236
5268700370,Cкoпje,Pizza Jakomo,Никола Русински,42.0044372,21.3931934
5286112836,,,,42.0047685,21.4121984
5286112837,,,,42.0048733,21.4122224
5286112838,,,,42.0048845,21.4121339
5286112839,,,,42.0047796,21.4121099
5289706561,,Star Ocean,,41.9913338,21.4276864
5292130848,,Fitness house,,42.0005187,21.4149006
5321194052,Делчево,Две Липи,бул. Методи Митевски Брицо,41.9654757,22.7742657
5334903322,,Стар Лисец,Македонска,42.2075328,22.3309502
5334903323,,Аквариум,Свети Јоаким Осоговски,42.2026632,22.3356230
5419994420,,,,42.1489548,22.0002126
5419996021,,,,42.1488715,22.0002080
5419996022,,,,42.1488669,22.0003557
5419996023,,,,42.1489503,22.0003604
5448461621,,Скандал,Партизанска,41.0236829,21.3412151
5448461921,,Пица Александриа,Цар Самоил,41.1122361,20.7981623
5467884712,,Segreto Plus,,41.9837709,21.4808444
5542393287,,Кафе Канал 77,,41.7471233,22.2011852
5548809221,,кај сердарот,,41.9995926,21.4366123
5549741733,,,,41.1724865,20.6689813
5549743245,,,,41.1726731,20.6687984
5549743246,,,,41.1724620,20.6688756
5549743247,,,,41.1725079,20.6691074
5549743248,,,,41.1727251,20.6690342
5549743251,,,,41.1726815,20.6688365
5549743254,,,,41.1726402,20.6690628
5549758687,,,,41.1742328,20.6760929
5549758688,,,,41.1741215,20.6761102
5549758689,,,,41.1741351,20.6762657
5549758690,,,,41.1742465,20.6762484
5559927861,,,,41.1752388,20.6733030
5559927862,,,,41.1751578,20.6733093
5559927863,,,,41.1751602,20.6733640
5559927864,,,,41.1751070,20.6733681
5559927865,,,,41.1751126,20.6734963
5559927866,,,,41.1752468,20.6734860
5561692079,,Тарапана,,41.9729164,21.4565032
5566694192,,,,41.1764040,20.6717823
5566694193,,,,41.1764387,20.6719181
5566694194,,,,41.1763437,20.6718095
5567256387,,,,41.1766497,20.6743108
5567256388,,,,41.1765326,20.6743205
5567256389,,,,41.1765387,20.6744354
5567256390,,,,41.1766552,20.6744245
5567256391,,,,41.1766624,20.6745608
5567256392,,,,41.1765459,20.6745717
5567256497,,,,41.1758685,20.6756151
5567256498,,,,41.1758755,20.6758296
5567256499,,,,41.1757805,20.6758351
5567256500,,,,41.1757790,20.6757909
5567256501,,,,41.1756898,20.6757961
5567256502,,,,41.1756852,20.6756554
5567256503,,,,41.1757931,20.6756491
5567256504,,,,41.1757921,20.6756196
5567277699,,,,41.1769107,20.6742216
5567277701,,,,41.1768259,20.6742922
5567277702,,,,41.1768362,20.6744408
5567277703,,,,41.1767441,20.6744520
5567277704,,,,41.1767339,20.6743034
5567277705,,,,41.1769098,20.6742783
5567277706,,,,41.1767251,20.6741894
5567277707,,,,41.1768117,20.6741771
5567277708,,,,41.1768136,20.6742009
5567277709,,,,41.1768405,20.6741970
5567277710,,,,41.1768370,20.6741532
5567277711,,,,41.1768991,20.6741444
5570597321,,,,41.1761957,20.6781426
5570597322,,,,41.1762982,20.6782361
5570597323,,,,41.1762217,20.6783926
5570597324,,,,41.1761926,20.6783804
5570597325,,,,41.1762079,20.6783194
5570597326,,,,41.1762079,20.6782036
5570597327,,,,41.1761926,20.6782036
5570790084,,,,41.1765292,20.6783644
5570790085,,,,41.1764626,20.6783269
5570790086,,,,41.1763818,20.6784878
5570790087,,,,41.1764727,20.6785227
5570790088,,,,41.1769280,20.6784442
5570790089,,,,41.1768808,20.6786440
5570790090,,,,41.1768192,20.6786183
5570790091,,,,41.1768665,20.6784185
5570902493,,,,41.1758692,20.6763602
5570902496,,,,41.1757475,20.6763818
5570902497,,,,41.1757374,20.6763160
5570902498,,,,41.1758657,20.6762932
5572053321,,Дебар Маало,Живко Чинго,42.0013292,21.4205747
5599976622,,Mermaid Terrace,,40.9617356,20.7824024
5601865131,,,,41.0653986,20.8012888
5602643621,,Pizza Aleksandrija,,41.1121475,20.7980562
5614557098,,Осоговска Куќа,,41.9945499,22.3572149
5622136948,,,,42.0083535,21.4141244
5622136949,,,,42.0082362,21.4137270
5622136952,,,,42.0083303,21.4139687
5622136953,,,,42.0081046,21.4140976
5622136955,,,,42.0083134,21.4143702
5622136957,,,,42.0080639,21.4142001
5622136958,,,,42.0082823,21.4137721
5624670966,,МЦМ Мезе Бар,Булевар Илинден,42.0023813,21.4235595
5624682355,,Костарика,,42.0028235,21.4239655
5624682356,,Калабалак,,42.0033660,21.4242333
5624682357,,Старо Скупи,,42.0028813,21.4240111
5624682358,,Занзибар,,42.0030128,21.4240218
5625300121,,,,41.9941572,21.0274021
5625896923,,,,41.1166966,20.7992364
5626432520,,Идадија,,42.0013712,21.4210921
5626433431,,Наџак,,42.0014530,21.4214837
5626433457,,Zing,,42.0010941,21.4206632
5626433464,,,,42.0012838,21.4210737
5626433480,,Дебар Маало,,42.0007591,21.4200490
5626433485,,,,42.0012456,21.4210149
5626433502,,Кај Перо,,42.0014888,21.4208615
5672618724,,Помодоро,,42.1333614,21.7282115
5692608680,,Gostilnica Estel,,41.9990664,21.4236496
5720921825,,,,40.9147002,20.7427990
5747737260,,Хотел Гогов,,41.7619502,22.8869357
5747987432,,,,41.6570517,22.9686915
5761128522,,Стар сокак,,41.0913864,21.0130069
5770427174,,Aleksandrija,,42.0063483,21.3740403
5772884450,,Ambrella,,42.1333475,21.7131719
5777115753,,БЕЛАМИА,Гоце Делчев,42.0133094,20.9660018
5789449053,,СНОШТИ МИНАВ,,41.9995917,21.4361151
5798861909,,,,41.9392561,21.5161585
5798868260,,Планинарски дом Караџица,,41.7918174,21.4237345
5798897067,,,,41.4864416,21.3215065
5798911922,,,,41.6492257,20.7372293
5798916659,,,,41.6617942,20.7321513
5798916660,,,,41.6616994,20.7321371
5798916661,,,,41.6616819,20.7323469
5798916662,,,,41.6617767,20.7323611
5798936014,,Ресторант Вита Аби,,41.7922445,20.9082428
5803571454,,,,41.3951875,22.9390355
5807750050,,,,41.9952880,21.4367281
5810248383,,Сен Тропе,,40.9621226,20.7833664
5813417254,,Кафана "Дебар Маало",Живко Чинго,42.0009079,21.4200655
5830234866,,Fish Grill (Macedonian Cave Restaurant),,41.9600200,21.2952137
5832017571,,,,41.7096884,20.6885837
5833924459,,Glamour,,41.6510336,20.7362858
5833924638,,,,41.5946328,20.6520247
5834871868,,,,41.2541143,20.6356959
5834871927,,Grand restaurant,,41.2239348,20.6516188
5840484087,,Буре,,42.0031615,21.4001853
5841843562,,Magic Food,,41.3459748,21.5554324
5849887489,,,,41.6798669,21.2546800
5853269557,,Terasa Utarna,,41.0544299,20.8125826
5890717249,,Ristorante Stazione,,41.1069789,20.8075280
5893990785,,,,41.8578789,20.9813230
5894813753,,,,41.3842675,21.5908321
5894813754,,,,41.3841753,21.5907390
5894813755,,,,41.3842340,21.5906659
5894813756,,,,41.3843153,21.5907480
5894813757,,,,41.3841946,21.5907049
5894813758,,,,41.3841390,21.5906488
5894813759,,,,41.3842225,21.5905018
5894813760,,,,41.3842716,21.5905514
5894813761,,,,41.3842301,21.5906244
5894813762,,,,41.3842476,21.5906419
5896644185,,Dedo Dimo,Kuratica,41.2434073,20.8894257
5897434185,,Ресторан Панорама,,41.1259308,20.8157042
5911332251,,Рибен Ресторан Добреноец,,41.5106535,20.8839683
5911332404,,Фурна,,41.5034917,20.8928941
5917730572,,,,41.1124334,20.7945885
5917730736,,,,41.1125516,20.7942431
5926230349,,Рибник Ресторан Оморани,,41.5475438,21.6320595
5942100285,,Kaj Ksantani Restaurant,,41.1124235,20.7980320
5956366686,,Pectopahot,,41.2397324,20.5887025
5956379085,,Kutmičevica,,41.2401095,20.5881905
5964767286,,,,41.9600725,21.2953055
5999496785,,Restaurant Arcus,,42.1288686,21.6985476
6032865286,,Pçela,,42.0002786,21.4371953
6054048486,,,,42.0021215,21.4378319
6054048499,,,,41.9588100,21.2952909
6054048696,,,,42.0037034,21.4154682
6054048700,,,,41.9972228,21.4228991
6054050086,,,,41.9946111,21.4207756
6054050099,,Воденица,,41.9947932,21.4135121
6054050786,,,,41.9986877,21.4142348
6079524217,,Elita,,42.0248909,22.5877841
6079524220,,Zlatina,,42.0178073,22.5925757
6102488864,,Restoran Frosina,,41.9959518,21.4199442
6102558427,,,,42.1308514,21.7185027
6102558428,,,,42.1308788,21.7184032
6102558429,,,,42.1307794,21.7183970
6102558430,,,,42.1307531,21.7185011
6102558431,,,,42.1308582,21.7186604
6102558432,,,,42.1307017,21.7186558
6102558433,,,,42.1306812,21.7188576
6102558434,,,,42.1308411,21.7188623
6145435980,,,,41.9927293,21.4652984
6268687385,,Gala Kujna,,41.9826324,21.4520444
6275187295,,EZO,,42.0365961,21.4462164
6278471769,,Меана Б Јавор Мрзенци,,42.0127048,21.4100468
6313032527,,,,41.9518665,21.4916935
6313032528,,,,41.9521422,21.4919548
6313032529,,,,41.9520433,21.4921699
6313032530,,,,41.9517668,21.4918651
6313125750,,,,41.9670253,21.4689023
6313125751,,,,41.9672625,21.4693691
6313125752,,,,41.9670195,21.4697037
6313125753,,,,41.9668200,21.4692641
6313125755,,,,41.9672770,21.4689490
6313125756,,,,41.9673811,21.4691435
6313125757,,,,41.9672538,21.4692758
6313125758,,,,41.9671584,21.4690657
6329816785,,Pashina vodenica,,42.2228585,22.3580161
6337592985,,Идила,,41.1414088,22.5034378
6346079372,,Ресторан Сан-Ремо,,41.7368287,22.1907365
6347445700,,У Сокако,,41.7383603,22.1921774
6347445707,,Верона,,41.7390109,22.1928555
6347491473,,Универзитетски Ресторант,,41.7371339,22.1901494
6352179003,,,,41.7474621,22.1835986
6352179004,,,,41.7473697,22.1836872
6352179005,,,,41.7474146,22.1837715
6352179006,,,,41.7475071,22.1836829
6359901288,,Driada,,42.0189508,20.9351278
6368357685,,Гостилница Сокаче,Благој Ѓорев,41.7177173,21.7788314
6370064210,,Гарден Имиџ,,41.0309947,21.3312190
6385566985,,,,42.0277395,21.4409393
6386335236,,Kaj Гоце,,41.9996644,21.4362086
6388918787,,Familijar Restaurant,,41.7928399,20.9090036
6393028782,,Macedonska Sofra,,41.1156043,20.8012066
6393029979,,Letnica Kitchen & Bar,,41.1133047,20.7995680
6404600982,,,,42.1733911,21.4469618
6404600983,,,,42.1733058,21.4470801
6404600984,,,,42.1733672,21.4471608
6404600985,,,,42.1734525,21.4470425
6405264185,,Пицерија "Дени",,41.9856161,21.4670662
6419154286,,,,41.1118551,20.7971991
6439003799,,,,42.0260469,21.3804178
6439003800,,,,42.0258298,21.3806069
6439003801,,,,42.0256694,21.3801791
6439003802,,,,42.0260380,21.3803682
6452647277,,Лебедово езеро,,41.3881711,22.8968221
6499491392,,,,41.5247131,20.5262371
6505437999,,,,41.0613116,20.8023276
6505438000,,,,41.0613441,20.8024770
6505438001,,,,41.0614324,20.8024400
6505438002,,,,41.0613975,20.8022921
6505438005,,,,41.0614206,20.8023902
6514996385,,,,42.0025666,21.4383067
6545131370,,,,41.5795268,21.9427632
6546959169,,,,42.0017564,21.3924203
6546959170,,,,42.0017456,21.3924181
6549925330,,Coca Beach Bar,,40.9538093,21.0712879
6551495317,,Панорама,,42.1683969,21.5699754
6553038892,,Divono,,41.0911484,20.8000190
6553390107,,4 Nova,,41.4089518,22.2435670
6553424134,,Moderna,,41.4158020,22.2287354
6556622586,,Ресторан Орфеј,Партизанска,41.1066934,20.8098566
6586691822,,La Pizza,,41.9819646,21.4681708
6591444786,,Гостилница Кај Спиро,,42.0766945,22.1808429
6593251353,,,,42.1452998,21.1002409
6593251354,,,,42.1452650,21.1002946
6593251355,,,,42.1451954,21.1002302
6593251356,,,,42.1451616,21.1002892
6593251357,,,,42.1453396,21.1004542
6593251358,,,,42.1453992,21.1003348
6635746831,,Rusticana,,41.8845742,22.5072573
6638915744,,,,41.8854176,22.5090351
6638917286,,Roma pizza,,41.8852945,22.5078812
6652764888,,,,41.0358574,20.8040226
6655156387,,,,41.0541379,20.8018264
6657130385,,,,41.1122342,20.7983919
6657846786,,Bash Pelivan,,42.1344812,21.7180518
6657846887,,,,42.1340202,21.7175532
6665290230,,Restaurant,,41.3956964,21.9710192
6677312292,,Center Lounge & Fresh Bar,Shirok Sokak,41.0289785,21.3357094
6723968285,,,,41.7124187,21.7854404
6742637133,,,,40.9728599,21.0565697
6742637134,,,,40.9729549,21.0566178
6742637135,,,,40.9729679,21.0565957
6742637136,,,,40.9729942,21.0566090
6742637137,,,,40.9730205,21.0565178
6742637138,,,,40.9729882,21.0565014
6742637139,,,,40.9730008,21.0564576
6742637140,,,,40.9729551,21.0564345
6742637141,,,,40.9729738,21.0563698
6742637142,,,,40.9729590,21.0563623
6742637143,,,,40.9729421,21.0564210
6742637144,,,,40.9729078,21.0564037
6775493717,,,,41.7950546,20.8929753
6775493718,,,,41.7951099,20.8931593
6775493719,,,,41.7947854,20.8933346
6775493720,,,,41.7947301,20.8931505
6777058931,,,,41.7901392,20.9048986
6777058932,,,,41.7901407,20.9048788
6777058933,,,,41.7902163,20.9048907
6777058938,,,,41.7901960,20.9050570
6777058939,,,,41.7901097,20.9050580
6777058940,,,,41.7901164,20.9048973
6781335887,,Kebapčilinica Rio,,41.9993190,21.4360459
6781337085,,,,42.0018869,21.4383639
6788977446,,Vega,,41.9995518,21.4131738
6796436088,,Сараево,,42.0015097,21.4381319
6812666802,,Milano,,42.1328848,21.7007524
6814231688,,Tako mako,,42.0006226,21.4364213
6814231700,,Ohrid,,42.0003594,21.4372514
6814231702,,Markt kitchen,,41.9969456,21.4285563
6814231793,,Sac,,42.0002543,21.4374652
6814236587,,Skopsko,,42.0019483,21.4224937
6814236621,,Palas,,42.0021120,21.4385882
6814245589,,Schpajs,,42.0017089,21.4219242
6814246691,,Don Giovanni,,42.0005272,21.4364430
6814246724,,Concept,,41.9999786,21.4373399
6815434686,,Plaset,,42.0016292,21.4382061
6815434689,,,,41.9967339,21.4229663
6815434691,,Млечен Бар,,41.9971719,21.4086507
6815434692,,,,42.0020270,21.4384905
6815454785,,Букет,,41.9945241,21.4244578
6815918386,,Mosh,,41.9963262,21.4243264
6815931392,,Metzka,,42.0026188,21.4186405
6821158588,,Davidoff,,41.9942446,21.4243092
6827032731,,Pizzeria Bik,,42.0027517,21.4415279
6827032733,,Old Balkan,,42.0011296,21.4380383
6827076186,,Kursumli An,,42.0025774,21.4371206
6830542389,,,,41.4795038,20.8212699
6831632793,,Alpi,,41.1145687,20.8003256
6831648796,,Leopard,,41.1119760,20.8078783
6831648800,,Amfora,,41.1103498,20.8056915
6831648890,,Centro,,41.1122508,20.8070573
6831648891,,Pizzeria,,41.1139038,20.8107333
6833100785,,Europa,,41.1117071,20.8049184
6834463391,,Orfej,,41.1069136,20.8097800
6837039887,,Madera,,41.1079577,20.8066516
7001354685,,Буре лептокарија,,42.0030579,21.4009703
7027229685,,Ресторан Национал,,41.9932950,21.4352029
7027229686,,Кај Јоле,,41.9963240,21.4283137
7093171485,,Рок Кафана Рустикана 2.0,Булевар Илинден,42.0062237,21.4157772
7124138452,Стар Дојран,Тоби,Маршал Тито,41.1839779,22.7224768
7124138462,Стар Дојран,Ресторан Вавилон,Маршал Тито,41.1835605,22.7229174
7124138463,Стар Дојран,Боеми,Маршал Тито,41.1833727,22.7230699
7124138464,Стар Дојран,Казабланка,Кај 5 ти Ноември,41.1834248,22.7232486
7124138465,Стар Дојран,Нота,Маршал Тито,41.1830341,22.7233718
7130929832,Cкoпje,Скадарлија,Орце Николов,42.0046693,21.4147058
7142323999,,,,41.7786797,21.7560823
7142324000,,,,41.7790551,21.7562891
7184137085,,Ресторан Република,Вевчани,41.2404084,20.5878142
7236691788,,,,42.0028070,21.3316890
7293410454,,,,41.1840446,22.4794142
7293410455,,,,41.1840632,22.4796437
7293410456,,,,41.1841203,22.4796342
7293410457,,,,41.1841717,22.4796589
7293410458,,,,41.1842345,22.4794275
7293410459,,,,41.1841317,22.4794066
7316834012,Tetovo,CITYGRILL Tetove,Илинденска,42.0087985,20.9705086
7373084433,,Tornado Lounge Bar,,41.7482188,22.1979387
7500424555,,Kaj Zlate,,41.2047360,21.3563369
7581365225,,,,41.3444593,21.5520309
7616810671,,,,41.4411300,22.6389131
7616810672,,,,41.4412627,22.6389654
7616810673,,,,41.4413603,22.6386033
7616810674,,,,41.4412637,22.6385215
7627020543,,,,41.3458465,21.5499171
7627020544,,,,41.3457622,21.5498649
7627020545,,,,41.3457432,21.5499192
7627020546,,,,41.3456193,21.5498425
7627020547,,,,41.3455988,21.5499015
7627020548,,,,41.3457078,21.5499690
7627020549,,,,41.3456945,21.5500070
7627020550,,,,41.3457358,21.5500325
7627020551,,,,41.3457121,21.5501003
7627020552,,,,41.3457678,21.5501348
7627020553,,,,41.3457842,21.5500877
7627020554,,,,41.3458380,21.5501211
7627020555,,,,41.3458805,21.5499996
7627020556,,,,41.3458289,21.5499676
7628576874,,,,41.4877028,21.9242002
7628576875,,,,41.4875782,21.9243432
7628576876,,,,41.4877167,21.9245584
7628576877,,,,41.4878413,21.9244154
7628576878,,,,41.4876135,21.9243980
7628612289,,,,41.4755311,21.9044054
7628612290,,,,41.4757177,21.9044415
7628612291,,,,41.4757018,21.9045878
7628612292,,,,41.4755152,21.9045516
7658024954,,,,41.2985377,21.0860613
7658024955,,,,41.2983819,21.0861004
7658024956,,,,41.2984042,21.0862580
7658024957,,,,41.2984472,21.0862472
7658024958,,,,41.2984558,21.0863081
7658024959,,,,41.2985509,21.0862843
7658024960,,,,41.2985679,21.0864049
7658024961,,,,41.2986351,21.0863880
7658024962,,,,41.2986100,21.0862107
7658024963,,,,41.2985606,21.0862231
7707461149,,,,41.4461278,21.3798743
7707461150,,,,41.4461260,21.3801467
7707461158,,,,41.4462641,21.3801508
7707461159,,,,41.4462699,21.3797907
7707461160,,,,41.4461318,21.3797867
7714773225,,Pizzeria Yahoo,,41.5120219,20.9632525
7714773227,,Lounge Bar Bacardi,,41.5110368,20.9575863
7714773228,,Lounge Bar New Age,,41.5106546,20.9586947
7724657485,,Sunset Restaurant,,40.9718757,21.0605131
7746515804,,,,41.9954662,21.4098978
7746515805,,,,41.9952804,21.4098648
7746515806,,,,41.9952603,21.4100084
7746515807,,,,41.9954511,21.4100397
7783659086,,Burektore Saq,,41.7912806,20.9085717
7798829521,,,,41.3450216,21.5645683
7798829522,,,,41.3449216,21.5646388
7798829523,,,,41.3450153,21.5648746
7798829524,,,,41.3451152,21.5648041
7829311097,,,,41.9758199,21.4850156
7829311098,,,,41.9756300,21.4852246
7829311099,,,,41.9758234,21.4855513
7829311100,,,,41.9760041,21.4853206
7830674580,,,,41.8649394,21.9373718
7830674581,,,,41.8649324,21.9375642
7830674582,,,,41.8651133,21.9375762
7830674583,,,,41.8651146,21.9375409
7830674584,,,,41.8651618,21.9375440
7830690485,,,,41.8651709,21.9372955
7830690486,,,,41.8650066,21.9372847
7830690487,,,,41.8650033,21.9373760
7836016446,,Пицерија Леа,,41.8645123,21.9401845
7836016476,Свети Николе,Пицерија Ти Амо,Плоштад Илинден,41.8650539,21.9427115
7841117297,,,,41.8652553,21.9409496
7841117318,,Пијано Бар,,41.8658394,21.9424303
7841139197,,,,41.8652262,21.9380764
7874112162,,,,41.5004203,20.6831483
7874112163,,,,41.5000673,20.6834287
7874112164,,,,41.5001457,20.6836166
7874112165,,,,41.5002657,20.6835335
7874112166,,,,41.5003003,20.6836074
7874112167,,,,41.5002634,20.6836629
7874112168,,,,41.5003396,20.6837769
7874112169,,,,41.5004526,20.6836475
7874112170,,,,41.5003834,20.6835304
7874112171,,,,41.5003627,20.6834842
7874112172,,,,41.5004826,20.6834102
7874112173,,,,41.5005103,20.6833825
7874112184,,,,41.5004694,20.6832759
7875588692,,,,41.5003600,20.6837536
7875588703,,,,41.5002006,20.6833228
7875588729,,,,41.5003803,20.6837303
7881384068,,,,41.2644106,21.0743526
7881384069,,,,41.2642859,21.0743875
7881384070,,,,41.2643064,21.0745175
7881384071,,,,41.2644311,21.0744827
7888434356,,Река,,41.8128659,21.3137576
7904816925,,Тивка Ноќ,,41.8679289,21.9422174
7904816926,,Швајцарија,,41.8680609,21.9420944
7952190505,,,,41.3910124,21.7777153
7952190506,,,,41.3908992,21.7776383
7952190507,,,,41.3908613,21.7777373
7952190508,,,,41.3909745,21.7778143
8043774334,,,,41.3468843,21.5557802
8043774335,,,,41.3469531,21.5557122
8043774336,,,,41.3469175,21.5556484
8043774337,,,,41.3468487,21.5557163
8043798605,,,,41.3465239,21.5554611
8043798606,,,,41.3463569,21.5556420
8043798607,,,,41.3464148,21.5557367
8043798608,,,,41.3465817,21.5555557
8043810920,Прилеп,Делфина,Пере Тошев,41.3503836,21.5382215
8043820690,,,,41.3477828,21.5589520
8043820691,,,,41.3477617,21.5588811
8043820692,,,,41.3478708,21.5588235
8043820693,,,,41.3478919,21.5588943
8043863041,,,,41.3468993,21.5557654
8043863044,,,,41.3463057,21.5550938
8043943081,,,,41.3462518,21.5551479
8043943082,,,,41.3463538,21.5551790
8043943083,,,,41.3462999,21.5552330
8043943084,,,,41.3449176,21.5555344
8043955485,,,,41.3450018,21.5554855
8043955486,,,,41.3450454,21.5556189
8043955487,,,,41.3449612,21.5556678
8043955488,,,,41.1963371,21.7150186
8043955489,,,,41.1962113,21.7149105
8043955490,,,,41.1961698,21.7149957
8043955491,,,,41.1962957,21.7151038
8043955492,,,,41.3445362,21.5516757
8043955493,,,,41.3445570,21.5515728
8043955494,,,,41.3446090,21.5515914
8043955495,,,,41.3445882,21.5516943
8043955496,,,,41.3459611,21.5495210
8043955497,,,,41.3460351,21.5494451
8043955498,,,,41.3460243,21.5494263
8043955499,,,,41.3460564,21.5493934
8043955500,,,,41.3460279,21.5493441
8043955501,,,,41.3459218,21.5494529
8043955502,,,,41.3455800,21.5558659
8043955503,,,,41.3455237,21.5559280
8043955504,,,,41.3455510,21.5559720
8043955505,,,,41.3456073,21.5559098
8043955509,,,,41.3444633,21.5521604
8043955510,,,,41.3445652,21.5521548
8043955511,,,,41.3445612,21.5520253
8043957655,Прилеп,Кермес,Цар Самоил,41.3332719,21.5555548
8043957656,Прилеп,Ла Страда (Калипсо),Гоце Делчев,41.3466818,21.5551002
8043957657,Прилеп,Леоне,Гоце Делчев,41.3465843,21.5539582
8043957658,,,,41.3463847,21.5564370
8043957659,,,,41.3464442,21.5565676
8043957660,,,,41.3463509,21.5566431
8043957661,,,,41.3462914,21.5565125
8094057485,Cкoпje,Сидро,Атинска,41.9974684,21.4097614
8195318235,,,,41.3678865,21.2492213
8195318236,,,,41.3678664,21.2491383
8195318237,,,,41.3678017,21.2491658
8195364281,,,,41.3737298,21.2458296
8195364283,,,,41.3736925,21.2456317
8314871038,,,,41.3734594,21.2453776
8314871039,,,,41.3733332,21.2454235
8314871040,,,,41.3733950,21.2457254
8314871041,,,,41.3735212,21.2456795
8314871042,,,,41.3737262,21.2456306
8314871043,,,,41.3736537,21.2458317
8314871044,,,,41.3736504,21.2456983
8314871045,,,,41.3736353,21.2456989
8314871046,,,,41.3736337,21.2456349
8375206948,,Restaurant Anes Lumit,Banjice,42.0241791,20.9446443
8434486650,,PIZZA Bellucci,,41.9395950,21.5156883
8537993721,,,,41.7385022,22.1942593
8537993725,,,,41.7373569,22.1941588
8601528017,,,,41.1162839,20.8040422
8615409558,,,,42.0048436,21.4121245
8615428192,,,,42.0047984,21.4122052
8648379004,,,,41.3768271,21.2451627
8648379005,,,,41.3767464,21.2451307
8648379006,,,,41.3767356,21.2451794
8648379007,,,,41.3766675,21.2451524
8648379008,,,,41.3766512,21.2452251
8648379009,,,,41.3766257,21.2452150
8648379010,,,,41.3766035,21.2453150
8648379011,,,,41.3767069,21.2453559
8648379012,,,,41.3767168,21.2453115
8648379013,,,,41.3767877,21.2453396
8745631651,Cкoпje,Paradise Food,Даме Груев,41.9942708,21.4276555
8792003923,,Езерски Рај,,41.0975365,20.6352894
8807124420,,Кај чичо 2,,42.0091204,21.3855189
8809295716,,,,41.4091635,21.4409749
8809325517,,,,41.4091872,21.4409962
8809325518,,,,41.4090892,21.4411898
8809325519,,,,41.4089940,21.4411041
8809325520,,,,41.4090232,21.4410463
8809325521,,,,41.4089612,21.4409906
8809325522,,,,41.4090725,21.4407707
8809325523,,,,41.4091155,21.4408095
8809325524,,,,41.4091292,21.4407825
8809325525,,,,41.4092197,21.4408639
8837787973,,Kaj лаки,,41.5789610,21.9437258
8868720618,,Villa Vista,,41.0345273,21.2626435
8869214018,,,,41.6613807,20.6001802
8894313982,,,,41.8633713,21.9455897
8894313983,,,,41.8634680,21.9456551
8894313984,,,,41.8633665,21.9459255
8894398642,,,,42.2089764,22.3628401
8894398646,,,,42.2090394,22.3628698
8905635710,,,,41.9909456,21.4408895
8908227725,,,,41.0264339,21.3365405
8908233927,,,,41.0263579,21.3365954
8909745725,,,,41.0263589,21.3365382
8909745726,,,,41.0264320,21.3366525
8909745727,,,,41.0263570,21.3366502
8909816031,,Буре,,41.0266555,21.3366265
8909816032,,,,41.0266703,21.3367926
8909816034,,Равена,,41.0273766,21.3365076
8909816035,,Корзо,,41.0270204,21.3371573
8910471474,,Бела Куќа,,41.0282053,21.3374821
8911858261,,Качунка,,41.0245246,21.3157954
8946930217,,Lounge Bar Mavrovo,,41.7026712,20.7579455
8948359876,,Equilibrium,,41.9866451,21.4542028
8990283203,,Гала Гарден,,41.0264068,21.3355359
9017952477,,,,42.2072776,22.1002747
9017952478,,,,42.2072423,22.1002754
9017952479,,,,42.2072077,22.1002886
9017952480,,,,42.2071878,22.1003366
9017952481,,,,42.2072369,22.1003737
9017952482,,,,42.2072387,22.1005460
9017952483,,,,42.2074983,22.1005412
9017952484,,,,42.2074960,22.1003100
9017952485,,,,42.2072780,22.1003140
9024902052,,,,41.1028299,21.3604582
9024902053,,,,41.1029061,21.3601100
9024902054,,,,41.1027280,21.3600468
9024902055,,,,41.1027035,21.3601714
9024902056,,,,41.1024832,21.3600883
9024902057,,,,41.1024724,21.3601425
9024902058,,,,41.1024125,21.3601190
9024902059,,,,41.1024057,21.3601714
9024902060,,,,41.1024601,21.3601948
9024902061,,,,41.1024452,21.3602742
9024902062,,,,41.1026545,21.3603482
9024902063,,,,41.1026953,21.3604149
9024902064,,,,41.1027280,21.3604294
9024902065,,,,41.1027212,21.3604564
9024902066,,,,41.1027674,21.3604727
9024902067,,,,41.1027715,21.3604402
9024902068,,,,41.1026153,21.3603360
9024902071,,,,41.1024782,21.3602886
9038574017,,,,41.1126502,20.7986382
9040234627,Ohrid,oTTo,Dimitar Vlahov,41.1130145,20.8048774
9062216725,,Екслузив Бастион,,42.1238452,21.7219653
9080869720,,,,42.0672472,21.0272281
9080869721,,,,42.0670560,21.0270752
9080869722,,,,42.0670660,21.0270484
9080869723,,,,42.0670043,21.0270055
9080869724,,,,42.0669923,21.0270296
9080869725,,,,42.0669624,21.0270055
9080869726,,,,42.0669764,21.0269760
9080869727,,,,42.0668549,21.0268955
9080869728,,,,42.0668211,21.0269840
9080869729,,,,42.0668430,21.0270001
9080869730,,,,42.0668310,21.0270323
9080869731,,,,42.0669266,21.0270913
9080869732,,,,42.0669226,21.0271637
9080869733,,,,42.0668211,21.0272361
9080869734,,,,42.0668569,21.0273407
9080869735,,,,42.0669863,21.0272469
9080869736,,,,42.0669963,21.0272656
9080869737,,,,42.0669545,21.0273005
9080869738,,,,42.0669863,21.0273649
9080869739,,,,42.0670301,21.0274266
9080869740,,,,42.0670879,21.0274614
9080869741,,,,42.0671417,21.0274775
9080869839,,,,42.0669104,21.0269322
9108652910,,,,41.3095044,21.5040734
9108652913,,,,41.3095393,21.5040744
9108652915,,,,41.3095020,21.5042133
9108763920,,,,41.3095679,21.5042153
9108763923,,,,41.3095702,21.5040753
9161033019,,Corner,,41.1166832,20.8013591
9161046817,,Kaj Tzitzo,,41.1182878,20.8000296
9200216156,,,,41.1162475,20.7986294
9200216340,,Mexican street food,,42.0006689,21.4142957
9200216346,,Boko,,41.9970550,21.4171327
9200216723,,Potpes,,41.1108108,20.7915880
1000000032674255,Cкoпje,Конструкта,Васил Ѓоргов,41.9923730,21.4190485
1000000032674402,Cкoпje,Македонска куќа,Mitropolit Teodosij Gologanov,41.9960393,21.4021466
1000000038255378,,Император,,41.0173918,21.3405655
1000000038572955,Битола,Грне,Плоштад Магнолија,41.0303546,21.3349568
1000000121390892,Cкoпje,Ресторан 2 Златника,Митрополит Теодосиј Гологанов,41.9953323,21.4237388
1000000121511379,Cкoпje,Керпич,Дебарца,41.9973394,21.4226605
1000000121511400,Cкoпje,Дане,Киро Крстевски Платник,41.9962023,21.4220934
1000000121511815,Cкoпje,Ка,Митрополит Теодосиј Гологанов,41.9951150,21.4222040
1000000121511817,Cкoпje,Ѓезме,,41.9954805,21.4182853
1000000122862785,Cкoпje,Мечос,Аминта Трети,41.9989973,21.4229760
1000000123273654,Cкoпje,Св.Пантелејмон - Клет,,41.9769990,21.3743398
1000000159165683,,Bela Voda,,41.7788767,21.7562390
1000000167856880,,Стара Бања,,42.1216480,21.7446381
1000000175441983,Cкoпje,Боними,Трифун Хаџијанев,42.0030645,21.4622374
1000000175463419,Cкoпje,Дојрана,,41.9979315,21.4599001
1000000176133887,Cкoпje,,,41.9990189,21.4254482
1000000176147491,Cкoпje,Sushi Ко,Аминта Трети,41.9996894,21.4239688
1000000176154876,Cкoпje,Лира,Никола Тесла,42.0060096,21.4107344
1000000176159879,Cкoпje,Стара куќа,Пајко Маало,41.9968367,21.4384354
1000000176328169,Cкoпje,Балканика,,42.0096654,21.4097243
1000000176331794,Cкoпje,Уранија,,42.0061340,21.4220098
1000000176448667,Cкoпje,Ѕвезден Океан,,41.9957135,21.4272510
1000000177045374,Cкoпje,Ресторан Маргер,Булевар Илинден,42.0081706,21.4140445
1000000181350830,,Белов 113,,41.3912335,22.3517411
1000000183590615,,Национален Ресторан Чардак,,42.0850789,21.4099117
1000000183593157,,Вила Весница,,42.0863291,21.4107439
1000000187210554,,Сателит 2000,,42.1535677,21.7302575
1000000189975234,Cкoпje,,,41.9964227,21.4280854
1000000198468705,,Че,,41.3706233,21.6778762
1000000209793109,,Вила Горна Куќа,,41.2284641,21.1571267
1000000209809205,,,,41.2177813,21.2044777
1000000219773148,,Острово,,40.9141722,20.7426283
1000000220094897,,Европска Скара,,41.3429717,21.5510411
1000000220107970,Прилеп,Македонска Куќа,Јоска Јорданоски - Сандански,41.3472201,21.5571542
1000000220111149,,Златно Буренце,,41.3431556,21.5512171
1000000224256668,Крушево,Андора,Таќа Бербер,41.3682287,21.2482062
1000000228158372,,Arena,,42.0016809,20.9704191
1000000228568803,,Luna,,41.5049147,20.9556657
1000000230233483,,Milenium,,41.5170907,20.9515890
1000000233484318,,Че,,41.3704576,21.6779380
1000000236539239,Cкoпje,Рулет,,41.9892137,21.4466299
1000000241801379,,House of Art,,41.5211545,20.9183388
1000000248508284,Cкoпje,Sopotsko,,42.0015806,21.4260724
1000000250975634,,600,,41.9881358,20.9608270
1000000250975635,,601,,41.9883874,20.9609075
1000000251020878,,600,,41.9879359,20.9608223
1000000263871750,,Doma,,41.9943076,21.5752234
1000000270526271,Ohrid,Дамар,Коста Абраш,41.1124497,20.7945146
1000000270528544,,Света Софија,Цар Самоил,41.1126067,20.7942442
1000000270530569,,Вија сакра,Цар Самоил,41.1124925,20.7940517
1000000279392654,Cкoпje,Kуќа,,41.9931176,21.4374003
1000000300510419,,Пицерија Ема,,41.4824789,22.0908504
1000000302177185,,Гамур,,41.0410326,21.2704742
1000000305533452,Cкoпje,Ресторан Кej,Кеј 13 Ноември,41.9944607,21.4414850
1000000305647156,Cкoпje,Бравос,Адолф Циборовски,42.0000600,21.4145693
1000000305673403,,Kaнeo,,41.1110905,20.7902437
1000000332142505,,Хотел Салидда,,41.3547088,21.5398694
1000000332382509,Cкoпje,Od Nas Za Vas,,41.9891201,21.4296260
1000000333867249,,Букефал,,41.3465015,21.5519754
1000000337154693,,Дониа,,41.3383143,21.5392403
1000000337154810,Прилеп,Лав,Трајко Николоски,41.3393269,21.5404649
1000000338584292,,Липа ГА,,41.3433883,21.5486194
1000000344078719,Cкoпje,Скара Бар,Варшавска,42.0017015,21.3924371
1000000357185281,Прилеп,Империјал,Борка Утот,41.3434722,21.5490712
1000000357814709,Прилеп,Жито Прилеп 1,Димо Димоски-Наредникот,41.3427434,21.5481737
1000000357827837,Cкoпje,Воденица,,41.9948411,21.4131896
1000000357827839,Cкoпje,Дукат,Митрополит Теодосиј Гологанов,41.9948965,21.4129989
1000000358611648,Cкoпje,Ресторан 14,Лондонска,42.0018539,21.3918671
1000000360117574,Cкoпje,Ден и Ноќ,,42.0137743,21.4059057
1000000361977245,Cкoпje,Корнер / Баба Цана,Партенија Зографски,41.9867827,21.4198501
1000000363752338,Cкoпje,Skopski Merak,Дебарца,42.0010431,21.4198115
1000000364669936,,Kulla Alinea,,41.9640751,21.3016376
1000000365651449,Делчево,Ресторан Македонија,Маршал Тито,41.9659577,22.7708091
1000000365998801,,Aktiva,,42.0440002,21.3905927
1000000366523246,Делчево,Гостилница Кај Мите,Маршал Тито,41.9642798,22.7730519
1000000379884574,,Томче Софка,Јордан Хаџиконстантинов Џинот,42.0034960,21.4258146
1000000379896010,,Калабалак,,41.9899916,21.4403078
1000000388864897,,мали рај,,40.9445244,20.9012962
1000000388871332,Cкoпje,Јавна Соба,50-та дивизија,41.9898961,21.4259580
1000000389055663,,бачцло,,42.0130612,20.8865121
1000000389055666,Tetovo,Шар,,42.0110805,20.9190809
1000000389881384,,Rozenberg,,41.9825664,21.5874617
1000000390108507,,Imperial,,42.0487648,21.4286482
1000000397784875,,Регент Клуб,,41.9069237,21.4138473
1000000409026453,Cкoпje,Restoran Olive,Париска,42.0013528,21.4014254
1000000410064786,,Фурна,,41.9954379,21.4094849
1000000411114144,Ljubanci,квин рибник,,42.1140737,21.4573278
1000000415864951,,,,42.0398771,21.3948685
1000000435270679,,Теракота,,41.3436319,21.5221413
1000000435274670,Прилеп,Лаки,Леце Котески,41.3450377,21.5274279
1000000445087610,,,,41.7373041,22.1942054
1000000445237139,,Ла Тана,,41.9895322,21.4391940
1000000445237140,,Амиго,,41.9897235,21.4394294
1000000445237144,,Кај Злате,,41.9896450,21.4393643
1000000445837935,,Галерија 7,,42.0011507,21.4379661
1000000445927536,,Мал-Одмор,,41.7441588,22.1861206
1000000445935972,,ЗАКИ 1,,41.7439712,22.1899973
1000000445976256,,Златна рипка,,41.7472817,22.1845728
1000000445976288,,НЕЦКО 2,,41.7485140,22.1839834
1000000445976306,,Ресторан Ваго,,41.7515502,22.1787768
1000000446059947,,Меана за Мерак,,41.7480225,22.1813055
1000000446062753,,Лонгуров,,41.7475759,22.1834691
1000000447904291,,Black Pearl,,41.9908873,21.5907654
1000000461409601,,,,42.2089625,22.3628937
1000000463894362,,Kuklica,,42.1027558,22.0555790
1000000467607832,,Erdi,Сараевска,42.0114510,21.4458855
1000000467607833,,Vesa,Сараевска,42.0111565,21.4465923
1000000467607834,,Alba,Сараевска,42.0117350,21.4452479
1000000467607835,,,Сараевска,42.0116353,21.4454517
1000000471096720,,Dielli,,42.0082074,21.4353613
1000000471105231,,Golden Mili,Пере Тошев,42.0119870,21.4358749
1000000474873952,,Кај Жабарот,,42.0013874,21.4287397
1000000476186155,,Гостилница Мерак,,42.0033524,21.4791372
1000000477026719,,Читална,,42.0023254,21.4220947
1000000477026724,,Чардак,,42.0020431,21.4221788
1000000477325813,,Наша софра,,42.0009183,21.4202966
1000000477325815,,Дебар Маало,,42.0015901,21.4204840
1000000477325816,Cкoпje,Гурмет,Отон Жупанчич,42.0012484,21.4209447
1000000477325818,Cкoпje,Наџак,Мирослав Крлежа,42.0014088,21.4214709
1000000477325825,,Kancelarija,,42.0016502,21.4222441
1000000477325827,,Чамо,,42.0021418,21.4220786
1000000477325830,,Ganza,Ѓорѓи Пешков,42.0021744,21.4222887
1000000477325836,Cкoпje,Antica,Дебарца,42.0012248,21.4194824
1000000477540171,,Кремисимо 2,,42.0007359,21.4580102
1000000482846770,,,,42.0011236,21.4196416
1000000496423190,,Bonimi,Булевар 8-ми Септември,42.0062332,21.4067262
1000000496423192,Cкoпje,Барбакан,Булевар 8-ми Септември,42.0062805,21.4065102
1000000497684682,Прилеп,Бисер,1. Мај,41.3449609,21.5567872
1000000511807290,,Ribnik,,41.6515719,21.4526831
1000000547074226,,4 Angeli,,42.0048265,21.4121661
1000000562196806,,Чешмиче,На Чешмиче,42.1489108,22.0002842
1000000579498263,,Конак,,41.1725935,20.6689529
1000000579500372,,Женска Плажа,,41.1741840,20.6761792
1000000580951346,Струга,Црвен Мак,Пабло Неруда,41.1751769,20.6733996
1000000581914079,,Оаза,,41.1763912,20.6718637
1000000581992760,,Св. Георгиј,,41.1765939,20.6743731
1000000581992761,,Бриони,,41.1766005,20.6744980
1000000581992785,,Буренце,,41.1757803,20.6757250
1000000581996084,,Маива,,41.1767850,20.6743721
1000000581996085,,Драган и Јовче,,41.1768179,20.6742239
1000000582475130,Струга,Св. Никола,Гоце Делчев,41.1762454,20.6782676
1000000582503061,,Антико,,41.1764555,20.6784247
1000000582503063,,Ангела,,41.1768736,20.6785312
1000000582519038,,13,,41.1758033,20.6763375
1000000612663883,,,,41.6617380,20.7322490
1000000624250623,,Мир,,41.3842271,21.5906669
1000000650546014,,Mosha Mel,,42.1308159,21.7184498
1000000650546015,,Yard,,42.1307697,21.7187590
1000000674116575,,Ваташа пекара,Борис Трајковски,41.9519545,21.4919316
1000000674126648,,Везилка,Борис Трајковски,41.9670412,21.4693029
1000000674126651,,Дениција,Борис Трајковски,41.9672697,21.4691124
1000000678397093,,Бисер Митре,,41.7474384,22.1836850
1000000683729634,,Hamza Brez,,42.1733791,21.4470613
1000000686912550,,Krcma Zuto Kombe,,42.0258581,21.3803929
1000000692924629,,,,41.0613720,20.8023845
1000000702092416,,,,42.1452804,21.1003422
1000000717946362,,,,40.9729402,21.0564900
1000000722323356,Гостивар,Деде Бег,Јна,41.7949200,20.8931549
1000000722492537,Гостивар,Пела,ул. "Живко Брајковски",41.7901630,20.9049684
1000000781153479,,Центар,,41.1841395,22.4795327
1000000815560726,,Shalom,,41.4412451,22.6387434
1000000816620647,Прилеп,Академи,Кузман Јосифоски-Питу,41.3457396,21.5499886
1000000816789115,,,,41.4877097,21.9243793
1000000816789118,,Јавор,,41.4756164,21.9044966
1000000820110416,,Бабино,,41.2985085,21.0862330
1000000825445589,,,,41.4461979,21.3799687
1000000829988369,,,,41.9953632,21.4099522
1000000835535610,Прилеп,Алтан,Александар Македонски,41.3450184,21.5647214
1000000838984538,Скопје,Куц у Кец (Панда),Тодор Чангов 20,41.9758170,21.4852834
1000000839150800,,,,41.8650516,21.9374304
1000000844112176,,Margule,,41.5002888,20.6834625
1000000844786483,,На Валајци,,41.2643585,21.0744350
1000000852491071,,Крпачов Камен,,41.3909368,21.7777262
1000000863479328,Прилеп,Ај По Една,Илинденска,41.3469009,21.5557143
1000000863483543,Прилеп,Стара Чаршија,Илинденска,41.3464693,21.5555988
1000000863485668,Прилеп,Две Лири,Јоска Јорданоски - Сандански,41.3478268,21.5588877
1000000863500271,Прилеп,Дел Посто,Илинденска,41.3463028,21.5551634
1000000863500272,Прилеп,Евро,Херој Карпош,41.3449815,21.5555766
1000000863500273,,Мариово,,41.1962534,21.7150071
1000000863500274,Прилеп,Изгрев,Сотка Ѓорѓиоски-Сотка,41.3445726,21.5516335
1000000863500275,Прилеп,Кекеле,Кузман Јосифоски-Питу,41.3459891,21.5494325
1000000863500276,Прилеп,Кај Џоки,Херој Карпош,41.3455655,21.5559189
1000000863500278,Прилеп,Александрија,Сотка Ѓорѓиоски-Сотка,41.3445122,21.5520928
1000000863505246,Прилеп,Лидер,Браќа Ламески,41.3463678,21.5565400
1000000881141312,,Рома,,41.3678441,21.2491931
1000000894563399,Крушево,Крушевска Одаја,Тодор Проески-Тоше,41.3734272,21.2455515
1000000894563400,,Либра,,41.3736817,21.2457311
1000000933002406,,,,41.3767153,21.2452432
1000000951737569,,Империја,,41.4090904,21.4409802
1000000961527349,,Мечкуевска Куќа - Пуже,,41.8633689,21.9457575
1000000963202810,,Цане Боксеро,,41.0263954,21.3365953
1000000974420019,,Restaurant Ranch,,42.2073430,22.1004103
1000000975240896,,Златен Даб,,41.1026559,21.3602597
1000000981839452,,Лешок,,42.0670341,21.0271864
1000000985240376,,Вила Малуш,,41.3095361,21.5041443
